id,date_ms,sym,side,pnl,akk
1,1787590194858,1000BTTUSDT,Buy,-0.4065,3
2,1787591285149,ACEUSDT,Buy,-0.43104,3
3,1787591816183,BNCUSDT,Buy,-0.4,2
4,1787591894630,CASHCATUSDT,Sell,-0.418,3
5,1787592074275,CASHCATUSDT,Buy,-0.3982,2
6,1787592201924,CASHCATUSDT,Buy,-1.1726,0
7,1787592272515,ACEUSDT,Buy,-1.41884,1
8,1787592685388,1000BTTUSDT,Buy,-0.4071,3
9,1787592774043,CASHCATUSDT,Buy,-0.3938,2
10,1787593153467,CASHCATUSDT,Buy,-0.4092,2
11,1787594243801,BNCUSDT,Buy,-0.4032,2
12,1787594614563,CASHCATUSDT,Sell,-0.99,3
13,1787594864260,MINIMAXUSDT,Sell,-0.3876,2
14,1787594963050,CASHCATUSDT,Sell,-1.474,1
15,1787595194931,CASHCATUSDT,Sell,-0.4862,3
16,1787597535516,AGIUSDT,Buy,-0.40572,3
17,1787598420335,LSKUSDT,Buy,-0.434704,2
18,1787598831625,CASHCATUSDT,Buy,4.0282,0
19,1787599125108,MOVEUSDT,Buy,-0.399006,3
20,1787602653881,B3USDT,Sell,-0.47613,2
21,1787602852181,B3USDT,Sell,-1.25085,0
22,1787602905163,MOVEUSDT,Buy,-0.4975,3
23,1787602975110,ACXUSDT,Buy,-1.01336,3
24,1787603472024,BNCUSDT,Buy,-1.1875,0
25,1787604213446,B3USDT,Sell,-0.43624,2
26,1787605205100,FORMUSDT,Sell,-0.46926,3
27,1787605293506,1000000MOGUSDT,Sell,-0.45195,2
28,1787605684350,FORMUSDT,Buy,-0.61778,2
29,1787606013903,AGIUSDT,Sell,-0.39606,2
30,1787606034639,B3USDT,Buy,-0.57646,3
31,1787607091406,AGIUSDT,Sell,-1.23648,0
32,1787607105164,ACXUSDT,Sell,-0.49011,3
33,1787608775118,CASHCATUSDT,Sell,-0.4674,3
34,1787608814706,COTIUSDT,Buy,-0.400287,3
35,1787608844796,B3USDT,Buy,-0.48732,3
36,1787609053732,CASHCATUSDT,Buy,-0.5548,2
37,1787609244293,CASHCATUSDT,Buy,-0.3942,2
38,1787609715112,COTIUSDT,Buy,-0.43218,3
39,1787610274604,MOVEUSDT,Buy,-0.434391,3
40,1787610512418,CASHCATUSDT,Sell,-1.5409,1
41,1787610518285,CASHCATUSDT,Sell,-0.7542,3
42,1787611076564,CASHCATUSDT,Sell,-0.504,3
43,1787611393971,CASHCATUSDT,Buy,-0.4302,2
44,1787611654716,CASHCATUSDT,Sell,-0.4518,3
45,1787612124976,COTIUSDT,Buy,-0.38812,3
46,1787612303779,CASHCATUSDT,Buy,-0.4482,2
47,1787612335255,BNCUSDT,Sell,-0.4032,3
48,1787612814019,COTIUSDT,Buy,-1.281105,1
49,1787612884732,CASHCATUSDT,Sell,-0.4392,3
50,1787612924320,CASHCATUSDT,Buy,-0.3852,2
51,1787612944109,AGIUSDT,Sell,-0.46011,2
52,1787613563777,CASHCATUSDT,Buy,-0.6042,2
53,1787613824412,CASHCATUSDT,Sell,-0.608,3
54,1787614073450,CASHCATUSDT,Buy,-0.3933,2
55,1787614113985,AGIUSDT,Sell,-0.47073,2
56,1787614131392,AGIUSDT,Sell,-1.2207,0
57,1787614313800,BNCUSDT,Buy,-0.4318,2
58,1787614522762,MOVEUSDT,Buy,-1.211796,1
59,1787614863384,CASHCATUSDT,Buy,-0.475,2
60,1787614873863,AGIUSDT,Sell,-0.43296,2
61,1787615032172,AGIUSDT,Sell,-1.38908,0
62,1787615534149,CASHCATUSDT,Buy,-0.4104,2
63,1787615553643,AGIUSDT,Sell,-0.47196,2
64,1787615601848,CASHCATUSDT,Buy,-1.3946,0
65,1787615883614,CASHCATUSDT,Buy,-0.3819,2
66,1787615913552,AGIUSDT,Sell,-0.4325,2
67,1787615936017,CASHCATUSDT,Sell,0.9405,1
68,1787615936299,BNCUSDT,Buy,0.0516,1
69,1787615936579,APPSTOCKUSDT,Sell,-0.0039,1
70,1787615936861,AGIUSDT,Buy,0.90022,1
71,1787615937140,BXUSDT,Sell,0.0729,1
72,1787615937424,FORMUSDT,Sell,-0.1422,1
73,1787615937706,B3USDT,Buy,-0.42066,1
74,1787615937985,BANANAUSDT,Buy,-0.0102,1
75,1787615938267,ACXUSDT,Buy,-0.32504,1
76,1787615938545,LSKUSDT,Sell,0.370144,1
77,1787615938822,MAUSDT,Buy,0.0906,1
78,1787615939101,IONQUSDT,Sell,0.1152,1
79,1787615939382,CXMTUSDT,Buy,-0.0864,1
80,1787615939663,MINIMAXUSDT,Buy,0.459,1
81,1787615939941,1000BTTUSDT,Buy,0.20325,1
82,1787616021563,AGIUSDT,Sell,-1.16242,0
83,1787616291657,CASHCATUSDT,Buy,-1.159,0
84,1787616434786,AGIUSDT,Sell,-0.66258,2
85,1787616462018,AGIUSDT,Sell,-1.7178,0
86,1787616484612,CASHCATUSDT,Sell,-0.454,3
87,1787616535402,FORMUSDT,Sell,-0.50402,3
88,1787616605322,AGIUSDT,Buy,-0.70348,3
89,1787616744282,CASHCATUSDT,Buy,-0.43,2
90,1787616749109,CXMTUSDT,Buy,-0.3984,3
91,1787617021352,CASHCATUSDT,Buy,-0.3781,2
92,1787617026206,HYUNDAIUSDT,Buy,-0.4732,3
93,1787617053967,IONQUSDT,Buy,-0.4032,2
94,1787617175102,CASHCATUSDT,Sell,-0.4902,3
95,1787617195559,AGIUSDT,Buy,-0.50282,3
96,1787617215728,CASHCATUSDT,Sell,-2.528,4
97,1787617233184,CASHCATUSDT,Sell,-2.156,1
98,1787617275321,BNCUSDT,Buy,-0.3999,3
99,1787617620952,AGIUSDT,Sell,-0.47849,2
100,1787617725253,CASHCATUSDT,Sell,-0.3933,3
101,1787617751809,AGIUSDT,Sell,-1.15162,0
102,1787617863901,CASHCATUSDT,Buy,-0.4921,2
103,1787618233580,B3USDT,Sell,-0.37248,2
104,1787618238622,CASHCATUSDT,Sell,-0.6066,3
105,1787618253753,AGIUSDT,Sell,-0.3696,2
106,1787618516209,B3USDT,Buy,-0.51992,3
107,1787618561752,1000000MOGUSDT,Sell,-1.1454,0
108,1787618685719,CASHCATUSDT,Sell,-2.413,4
109,1787618702739,CASHCATUSDT,Sell,-1.2388,1
110,1787618721563,CASHCATUSDT,Buy,4.148,0
111,1787618822496,AGIUSDT,Buy,-2.0559,1
112,1787618827499,BANANAUSDT,Sell,-0.4794,2
113,1787618833566,AGIUSDT,Buy,-4.1607,4
114,1787619095402,B3USDT,Buy,-0.43065,3
115,1787619113833,AGIUSDT,Sell,-0.42172,2
116,1787619416565,AGIUSDT,Sell,-0.53724,2
117,1787619421548,MARAUSDT,Sell,-0.4984,3
118,1787619655368,AGIUSDT,Buy,-0.45416,3
119,1787619736874,AGIUSDT,Buy,-2.31318,4
120,1787619752947,AGIUSDT,Buy,-1.21286,1
121,1787619835254,NESAUSDT,Buy,-0.3978,2
122,1787620041871,NESAUSDT,Buy,-1.2852,0
123,1787620082306,B3USDT,Buy,-1.2028,1
124,1787620089727,B3USDT,Buy,-2.46927,4
125,1787620115546,B3USDT,Buy,-0.3965,3
126,1787620314241,NESAUSDT,Buy,-0.3768,2
127,1787620319076,AGIUSDT,Buy,-0.41062,3
128,1787620441821,AGIUSDT,Sell,3.9039,0
129,1787620465260,NESAUSDT,Sell,-0.5338,3
130,1787620844564,AGIUSDT,Sell,-0.51118,2
131,1787621031970,AGIUSDT,Sell,-1.16176,0
132,1787621094988,FWDIUSDT,Sell,-0.3933,3
133,1787621414176,MINIMAXUSDT,Buy,-0.8118,2
134,1787621722635,AGIUSDT,Buy,-1.20176,1
135,1787622546408,NESAUSDT,Sell,-2.3273,4
136,1787622593263,NESAUSDT,Sell,-1.1932,1
137,1787623012831,CXMTUSDT,Sell,-0.3984,2
138,1787623673702,BNCUSDT,Sell,-0.3741,2
139,1787624294059,JSTUSDT,Sell,-0.3939,2
140,1787624323418,GRVTUSDT,Sell,-0.37818,2
141,1787624571743,MINIMAXUSDT,Sell,-1.1934,0
142,1787624683614,AGIUSDT,Sell,-0.60088,2
143,1787624831953,AGIUSDT,Sell,-1.15304,0
144,1787624836868,MARAUSDT,Sell,-1.2104,1
145,1787624842178,AGIUSDT,Sell,-0.57962,2
146,1787624848096,MARAUSDT,Sell,-2.4242,4
147,1787625124143,AMATUSDT,Sell,-0.3816,2
148,1787625324621,LSKUSDT,Sell,-0.404576,3
149,1787625474235,AGIUSDT,Sell,-0.80556,2
150,1787625582147,AGIUSDT,Sell,-1.14258,0
151,1787626483984,AGIUSDT,Sell,-0.37352,2
152,1787626684277,AGIUSDT,Sell,-0.3663,2
153,1787626895353,HANAUSDT,Sell,-0.40185,3
154,1787627344027,AGIUSDT,Sell,-0.4374,2
155,1787627933477,AGIUSDT,Sell,-0.38736,2
156,1787628001941,AGIUSDT,Sell,-1.36416,0
157,1787628064046,ACXUSDT,Sell,-0.53536,2
158,1787628068864,ACXUSDT,Sell,-0.79846,3
159,1787628184221,CXMTUSDT,Sell,-0.3744,2
160,1787628503830,AGIUSDT,Sell,-0.53788,2
161,1787628510441,AGIUSDT,Buy,0.54579,3
162,1787628510718,GEVUSDT,Sell,-0.09702,3
163,1787628510994,CXMTUSDT,Buy,0.4032,3
164,1787628511270,GRVTUSDT,Buy,0.01755,3
165,1787628511546,FWDIUSDT,Sell,-0.2584,3
166,1787628511822,JNJUSDT,Sell,-0.0224,3
167,1787628512099,B3USDT,Buy,0.28836,3
168,1787628512376,BNCUSDT,Buy,0.923,3
169,1787628512653,CROSSUSDT,Buy,-0.04236,3
170,1787628512927,MOVEUSDT,Buy,0.647168,3
171,1787628513205,JSTUSDT,Buy,0.3978,3
172,1787628513481,DDOGUSDT,Buy,0.0408,3
173,1787628513758,AMATUSDT,Buy,0.4648,3
174,1787628514034,ADBEUSDT,Sell,-0.0084,3
175,1787628514310,MAUSDT,Buy,0.2478,3
176,1787628514586,BXUSDT,Sell,0.1215,3
177,1787628514864,APPSTOCKUSDT,Sell,0.143,3
178,1787628515140,1000BTTUSDT,Buy,0.3944,3
179,1787628515415,IONQUSDT,Sell,-0.1536,3
180,1787628903685,GRVTUSDT,Sell,-0.3744,2
181,1787628907529,1000BTTUSDT,Sell,-0.36585,2
182,1787629064405,AGIUSDT,Sell,-0.42955,2
183,1787629152002,AGIUSDT,Sell,-1.23396,0
184,1787629685172,AGIUSDT,Buy,-0.40612,3
185,1787630713814,HYUNDAIUSDT,Sell,-0.3614,2
186,1787630854651,AGIUSDT,Sell,-0.4029,2
187,1787631044037,NESAUSDT,Buy,-0.3612,2
188,1787631111681,AGIUSDT,Sell,-1.2956,0
189,1787631420454,AGIUSDT,Sell,-0.44958,2
190,1787631425246,NESAUSDT,Sell,-0.8729,3
191,1787631674100,GRVTUSDT,Sell,-0.3978,2
192,1787631742175,GRVTUSDT,Sell,-1.17414,0
193,1787632365261,AGIUSDT,Sell,-0.3825,2
194,1787632616350,AGIUSDT,Sell,-0.3825,2
195,1787633993558,AGIUSDT,Sell,-0.66294,2
196,1787634011624,AGIUSDT,Sell,-1.30302,0
197,1787634033961,CXMTUSDT,Sell,-0.6336,2
198,1787634040456,ACXUSDT,Buy,0.01922,3
199,1787634040737,MOVEUSDT,Sell,0.0,3
200,1787634041018,APPSTOCKUSDT,Sell,0.065,3
201,1787634041300,AGIUSDT,Buy,1.59885,3
202,1787634041583,GRVTUSDT,Buy,0.5031,3
203,1787634041866,ESPUSDT,Buy,0.09,3
204,1787634042145,MAUSDT,Buy,-0.003,3
205,1787634042425,GEVUSDT,Sell,-0.01596,3
206,1787634042712,FWDIUSDT,Sell,-0.0536,3
207,1787634042991,CXMTUSDT,Buy,0.6096,3
208,1787634043313,BNCUSDT,Sell,0.1143,3
209,1787634055768,ACXUSDT,Buy,0.03844,4
210,1787634056056,NESAUSDT,Sell,0.3015,4
211,1787634056341,ESPUSDT,Buy,0.18,4
212,1787634056624,B3USDT,Buy,0.68929,4
213,1787634056903,MOVEUSDT,Buy,1.405707,4
214,1787634057188,CROSSUSDT,Buy,-0.74836,4
215,1787634057476,HANAUSDT,Sell,-2.17131,4
216,1787634057762,GRVTUSDT,Buy,1.05961,4
217,1787634058043,MAUSDT,Buy,-0.0052,4
218,1787634058329,GEVUSDT,Sell,-0.34188,4
219,1787634058610,CXMTUSDT,Buy,1.843,4
220,1787634058896,BXUSDT,Sell,-0.0825,4
221,1787634059178,JNJUSDT,Sell,0.1276,4
222,1787634059460,FWDIUSDT,Sell,-1.863,4
223,1787634059744,JSTUSDT,Buy,0.8611,4
224,1787634060027,HYUNDAIUSDT,Buy,0.6188,4
225,1787634060321,DDOGUSDT,Buy,0.049,4
226,1787634060603,BNCUSDT,Buy,1.1137,4
227,1787634060885,APPSTOCKUSDT,Sell,-0.143,4
228,1787634061175,ADBEUSDT,Sell,-0.0392,4
229,1787634473379,AGIUSDT,Sell,-0.37206,2
230,1787634634812,AGIUSDT,Buy,-0.54756,3
231,1787634912535,AGIUSDT,Sell,-1.32678,0
232,1787635033496,AGIUSDT,Sell,-0.49056,2
233,1787635225182,AGIUSDT,Buy,-0.504,3
234,1787635486292,AGIUSDT,Buy,-2.63424,4
235,1787635503159,AGIUSDT,Buy,-1.4448,1
236,1787635642991,HANAUSDT,Sell,-1.2267,1
237,1787635773891,ACXUSDT,Sell,-0.35557,2
238,1787635794042,AGIUSDT,Sell,-0.4302,2
239,1787635954179,ESPUSDT,Sell,-0.396,2
240,1787636364397,ACXUSDT,Buy,-0.43746,3
241,1787636504320,ACXUSDT,Sell,-0.37089,2
242,1787636614126,AGIUSDT,Sell,-0.45175,2
243,1787636834097,AGIUSDT,Sell,-0.37746,2
244,1787636934067,JNJUSDT,Buy,-0.3738,2
245,1787637417022,NESAUSDT,Sell,0.602,1
246,1787637417307,B3USDT,Buy,0.52065,1
247,1787637417592,MOVEUSDT,Buy,0.7584,1
248,1787637417877,CROSSUSDT,Buy,-0.26828,1
249,1787637418160,GRVTUSDT,Buy,0.6591,1
250,1787637418444,MAUSDT,Buy,0.0006,1
251,1787637418724,GEVUSDT,Sell,-0.42336,1
252,1787637419005,BXUSDT,Sell,-0.0567,1
253,1787637419288,FWDIUSDT,Sell,-1.104,1
254,1787637419574,JSTUSDT,Buy,0.5928,1
255,1787637419858,HYUNDAIUSDT,Buy,0.494,1
256,1787637420139,DDOGUSDT,Buy,0.1513,1
257,1787637420420,BNCUSDT,Buy,0.4644,1
258,1787637420700,APPSTOCKUSDT,Sell,-0.039,1
259,1787637420979,ADBEUSDT,Sell,0.0112,1
260,1787637442958,AGIUSDT,Sell,-0.59664,2
261,1787637502150,AGIUSDT,Sell,-1.22304,0
262,1787638084019,AGIUSDT,Sell,-0.38019,2
263,1787638391536,AGIUSDT,Sell,-1.24729,0
264,1787638623886,AGIUSDT,Sell,-0.37874,2
265,1787638706319,AGIUSDT,Buy,1.12316,4
266,1787638706599,MAUSDT,Buy,0.0572,4
267,1787638706887,GEVUSDT,Sell,-0.5838,4
268,1787638707164,BNCUSDT,Sell,0.0,4
269,1787638707450,APPSTOCKUSDT,Sell,-0.0988,4
270,1787639041484,CXMTUSDT,Sell,-1.1088,0
271,1787639124721,AGIUSDT,Buy,-0.50281,3
272,1787639214622,AGIUSDT,Buy,-1.52802,1
273,1787639314404,AGIUSDT,Sell,-0.58652,2
274,1787639815630,AGIUSDT,Buy,-0.60698,3
275,1787639903985,AGIUSDT,Sell,-0.45175,2
276,1787640444132,AGIUSDT,Sell,-0.44022,2
277,1787640616955,MAUSDT,Buy,-0.0054,1
278,1787640617247,BNCUSDT,Sell,0.1536,1
279,1787640617527,APPSTOCKUSDT,Sell,-0.0234,1
280,1787640636791,MAUSDT,Buy,-0.0117,4
281,1787640637068,BNCUSDT,Sell,0.3072,4
282,1787640637346,APPSTOCKUSDT,Sell,-0.0572,4
283,1787640731772,AGIUSDT,Sell,-1.22764,0
284,1787641196136,AGIUSDT,Buy,-0.43362,3
285,1787641284212,AGIUSDT,Sell,-0.3942,2
286,1787641621882,GEVUSDT,Sell,-0.43134,3
287,1787641744250,AGIUSDT,Sell,-0.38454,2
288,1787641825015,AGIUSDT,Buy,-0.63648,3
289,1787641856687,AGIUSDT,Buy,-2.56425,4
290,1787641872658,AGIUSDT,Buy,-1.2483,1
291,1787642593399,AGIUSDT,Sell,-0.5544,2
292,1787642865311,AGIUSDT,Buy,-0.4686,3
293,1787643084195,AGIUSDT,Sell,-0.5328,2
294,1787643112020,ESPUSDT,Sell,-1.1025,0
295,1787643543578,AGIUSDT,Sell,-0.47952,2
296,1787644012771,CROSSUSDT,Sell,-1.0943,0
297,1787644134521,COTIUSDT,Buy,-0.43173,3
298,1787644294497,AGIUSDT,Buy,-0.49284,3
299,1787644356421,AGIUSDT,Buy,-3.55349,4
300,1787644372379,AGIUSDT,Buy,-1.7754,1
301,1787644643588,AGIUSDT,Sell,-0.35139,2
302,1787645240318,BNCUSDT,Sell,-0.5504,3
303,1787645264940,AGIUSDT,Buy,-0.51675,3
304,1787645374209,AGIUSDT,Sell,-0.54905,2
305,1787645943721,AGIUSDT,Sell,-0.39648,2
306,1787645965111,MOVEUSDT,Sell,-0.45738,3
307,1787645983628,FLYUSDT,Sell,-0.425,2
308,1787646462185,AGIUSDT,Sell,-0.4062,2
309,1787646685036,AGIUSDT,Buy,-0.43008,3
310,1787646881505,HANAUSDT,Buy,3.87515,0
311,1787647053645,AGIUSDT,Sell,-0.37856,2
312,1787647261554,NESAUSDT,Buy,4.0033,0
313,1787647267586,DDOGUSDT,Sell,-0.3791,2
314,1787647694146,AGIUSDT,Sell,-0.378,2
315,1787647773589,BXUSDT,Buy,-0.3672,2
316,1787648086203,CXMTUSDT,Buy,-0.4042,3
317,1787648220446,ARIAUSDT,Buy,-0.38892,2
318,1787648244871,AGIUSDT,Sell,-0.39884,2
319,1787648293490,FLYUSDT,Sell,-0.3887,2
320,1787648345370,FIGHTUSDT,Sell,-0.4446,3
321,1787648414414,HPEUSDT,Sell,-0.345,2
322,1787648455013,BOTUSDT,Sell,-0.6705,3
323,1787648534402,BBXUSDT,Sell,-0.408,3
324,1787648864744,BNCUSDT,Buy,-0.6731,3
325,1787648914201,BNCUSDT,Buy,-0.3456,2
326,1787648935055,NESAUSDT,Sell,-0.5148,3
327,1787649194004,AGIUSDT,Sell,-0.4662,2
328,1787649443858,AGIUSDT,Sell,-0.37758,2
329,1787649545399,MINIMAXUSDT,Sell,-0.4056,3
330,1787649602201,AGIUSDT,Sell,-1.13661,0
331,1787649834656,NESAUSDT,Sell,-0.4811,3
332,1787650021338,NESAUSDT,Sell,-1.287,1
333,1787650028350,NESAUSDT,Sell,-3.0369,4
334,1787650053949,AGIUSDT,Sell,-0.41752,2
335,1787650152221,AGIUSDT,Sell,-1.12362,0
336,1787650325450,AGIUSDT,Buy,-0.48506,3
337,1787650620603,AGIUSDT,Sell,-0.38808,2
338,1787650715468,NESAUSDT,Sell,-0.6648,3
339,1787650915438,BBXUSDT,Sell,-0.3978,3
340,1787650965264,GEVUSDT,Sell,-0.40098,3
341,1787651125689,AGIUSDT,Buy,-0.54208,3
342,1787651256250,AGIUSDT,Buy,-2.43144,4
343,1787651334755,ALABUSDT,Sell,-0.392,3
344,1787651461246,AMATUSDT,Sell,-1.1336,0
345,1787651544344,NESAUSDT,Buy,-0.3562,2
346,1787651585090,CRDOUSDT,Sell,-0.4165,3
347,1787651633971,IOSTUSDT,Buy,-0.3675942,2
348,1787651674441,AGIUSDT,Sell,-0.41514,2
349,1787652163087,AGIUSDT,Buy,-1.53384,1
350,1787652169156,AGIUSDT,Buy,-0.64787,3
351,1787652174204,AGIUSDT,Buy,-2.80918,4
352,1787652416877,NESAUSDT,Buy,-0.3836,2
353,1787652554096,AGIUSDT,Sell,-0.6708,2
354,1787653034143,AGIUSDT,Sell,-0.55245,2
355,1787653105756,NESAUSDT,Sell,-0.411,3
356,1787653145346,FWDIUSDT,Sell,-0.4686,3
357,1787653224653,COTIUSDT,Sell,-0.386958,2
358,1787653374403,NESAUSDT,Buy,-0.3562,2
359,1787653493754,FWDIUSDT,Buy,-0.429,2
360,1787653616465,AGIUSDT,Sell,-0.4438,2
361,1787653844652,NESAUSDT,Sell,-0.6028,3
362,1787654344999,AGIUSDT,Buy,-0.43608,3
363,1787654443231,NESAUSDT,Sell,-1.8084,1
364,1787654449206,NESAUSDT,Sell,-0.5808,3
365,1787654454093,NESAUSDT,Sell,-3.836,4
366,1787654462159,NESAUSDT,Buy,4.29,0
367,1787654524736,ARKUSDT,Sell,-0.39483,3
368,1787654817713,NESAUSDT,Buy,-0.364,2
369,1787654881649,NESAUSDT,Buy,-1.3,0
370,1787654993009,AGIUSDT,Buy,-1.58,1
371,1787654999026,AGIUSDT,Buy,-0.62759,3
372,1787655003978,AGIUSDT,Buy,-2.9854,4
373,1787655664849,FORMUSDT,Buy,-0.36972,2
374,1787655684016,AGIUSDT,Sell,-0.38918,2
375,1787656284730,AGIUSDT,Buy,-0.38918,3
376,1787656612605,AGIUSDT,Sell,3.91776,0
377,1787656632351,HUSDT,Buy,3.8934,0
378,1787656674107,NESAUSDT,Buy,-0.405,2
379,1787657388610,AGIUSDT,Sell,-0.4221,2
380,1787657478052,ARKUSDT,Sell,-2.3985,4
381,1787657494639,ARKUSDT,Sell,-1.2546,1
382,1787657669117,NESAUSDT,Sell,-2.376,4
383,1787657985616,NESAUSDT,Sell,-1.35,1
384,1787658006997,AGIUSDT,Sell,-0.59048,2
385,1787658054985,ACEUSDT,Sell,-1.260792,0
386,1787658595693,NESAUSDT,Buy,-0.3654,2
387,1787659063744,ADBEUSDT,Buy,-0.371,2
388,1787659273696,NESAUSDT,Buy,-0.6812,2
389,1787659463681,LSKUSDT,Buy,-0.41268,2
390,1787659481750,LSKUSDT,Buy,-2.21656,0
391,1787659795714,FWDIUSDT,Buy,-0.3953,3
392,1787660873723,NESAUSDT,Buy,-0.4522,2
393,1787661044019,AGIUSDT,Sell,-0.7968,2
394,1787661071358,AGIUSDT,Sell,-1.4674,0
395,1787661605465,GRVTUSDT,Buy,-0.40365,3
396,1787661683613,NESAUSDT,Buy,-0.3497,2
397,1787663283912,NESAUSDT,Buy,-0.3766,2
398,1787663288913,AGIUSDT,Buy,-0.47377,3
399,1787663815601,MNSTUSDT,Buy,-0.3807,2
400,1787663875197,MAUSDT,Buy,-0.3906,3
401,1787664414975,FLYUSDT,Buy,-0.4056,3
402,1787664483831,MARAUSDT,Buy,-0.3916,2
403,1787664504153,BANUSDT,Buy,-0.35838,2
404,1787664508998,FWDIUSDT,Buy,-0.5236,3
405,1787664652683,FWDIUSDT,Buy,-1.2376,1
406,1787664659883,FWDIUSDT,Buy,-2.7263,4
407,1787664672104,FWDIUSDT,Buy,-1.1937,0
408,1787664679072,APPSTOCKUSDT,Sell,-0.4641,3
409,1787664795009,DKNGUSDT,Buy,-0.4004,3
410,1787664901667,NESAUSDT,Buy,-2.025,0
411,1787665461654,HPEUSDT,Sell,-1.11,0
412,1787665633994,DKNGUSDT,Sell,-0.4004,2
413,1787665665314,AGIUSDT,Buy,-0.50974,3
414,1787665670280,AGIUSDT,Buy,-2.42913,4
415,1787665745591,CRDOUSDT,Sell,-0.4352,3
416,1787665783148,AGIUSDT,Buy,-1.20714,1
417,1787666374481,AGIUSDT,Sell,-0.3729,2
418,1787666572472,FLYUSDT,Buy,-1.3351,1
419,1787666579527,FLYUSDT,Buy,-2.8054,4
420,1787666852820,MOVEUSDT,Sell,-1.438206,1
421,1787666859853,MOVEUSDT,Sell,-2.88686,4
422,1787666914542,AGIUSDT,Sell,-0.41114,2
423,1787667303855,ALABUSDT,Buy,-0.3696,2
424,1787667813739,CRDOUSDT,Buy,-0.3519,2
425,1787668012160,BOTUSDT,Sell,-1.4006,1
426,1787668019540,BOTUSDT,Sell,-2.7416,4
427,1787668775238,1000BTTUSDT,Buy,-0.4065,3
428,1787668893429,AGIUSDT,Sell,-0.47596,2
429,1787668992121,AGIUSDT,Sell,-1.26555,0
430,1787669574302,AGIUSDT,Sell,-0.3738,2
431,1787669993731,AGIUSDT,Sell,-0.64993,2
432,1787670055219,AGIUSDT,Buy,-0.55447,3
433,1787670141595,AGIUSDT,Sell,-1.58865,0
434,1787670434211,AGIUSDT,Sell,-0.91448,2
435,1787670504735,AGIUSDT,Buy,-0.42032,3
436,1787671084065,AGIUSDT,Sell,-0.36288,2
437,1787671165094,AGIUSDT,Buy,-0.43776,3
438,1787671213025,AGIUSDT,Buy,-1.3348,1
439,1787671220028,AGIUSDT,Buy,-2.51277,4
440,1787671355495,1000BTTUSDT,Buy,-0.4077,3
441,1787671612048,BNCUSDT,Sell,-1.0965,0
442,1787671633619,AGIUSDT,Sell,-0.42476,2
443,1787671755268,AGIUSDT,Buy,-0.50512,3
444,1787672374051,AGIUSDT,Sell,-0.42194,2
445,1787672822163,AGIUSDT,Sell,-1.28936,0
446,1787672828210,AGIUSDT,Sell,-0.65726,2
447,1787673545141,AGIUSDT,Buy,-0.4687,3
448,1787674264770,AGIUSDT,Buy,-0.56304,3
449,1787674286299,AGIUSDT,Buy,-2.77114,4
450,1787674302466,AGIUSDT,Buy,-1.4824,1
451,1787674784996,AGIUSDT,Buy,-0.42675,3
452,1787674874783,AGIUSDT,Sell,-0.46658,2
453,1787675304143,AGIUSDT,Sell,-0.46576,2
454,1787675893849,AGIUSDT,Sell,-0.3679,2
455,1787676203952,DOSUSDT,Buy,-0.4,2
456,1787676484265,AGIUSDT,Sell,-0.39405,2
457,1787676645207,BICOUSDT,Buy,-0.4705875,3
458,1787677018522,AGIUSDT,Sell,-1.7549,0
459,1787677025140,AGIUSDT,Sell,-0.62951,2
460,1787677185496,AGIUSDT,Buy,-0.41791,3
461,1787677664179,AGIUSDT,Sell,-0.40736,2
462,1787678213899,AGIUSDT,Buy,-1.38598,1
463,1787678220203,AGIUSDT,Buy,-0.95408,3
464,1787678225049,AGIUSDT,Buy,-3.10287,4
465,1787678364122,AGIUSDT,Sell,-0.39931,2
466,1787678903931,AGIUSDT,Sell,-0.4251,2
467,1787679514247,AGIUSDT,Sell,-0.4158,2
468,1787679723928,GEVUSDT,Buy,-0.35574,2
469,1787680103821,AGIUSDT,Sell,-0.42687,2
470,1787680121988,AGIUSDT,Sell,-1.12024,0
471,1787680663452,AGIUSDT,Sell,-0.34272,2
472,1787680815311,ARIAUSDT,Sell,-0.4188,3
473,1787681345313,ACXUSDT,Buy,-0.45449,3
474,1787681362438,AGIUSDT,Buy,-1.48087,1
475,1787681406171,AGIUSDT,Buy,-2.5531,4
476,1787681644418,ACXUSDT,Sell,-0.50284,2
477,1787681701573,DOSUSDT,Buy,-1.12,0
478,1787681708785,AGIUSDT,Buy,-0.40256,3
479,1787681943497,AGIUSDT,Sell,-0.42588,2
480,1787682285316,AGIUSDT,Buy,-0.41025,3
481,1787682433967,AGIUSDT,Sell,-0.35658,2
482,1787682544611,ACXUSDT,Buy,-0.43695,3
483,1787683043946,AGIUSDT,Sell,-0.34524,2
484,1787683675480,JSTUSDT,Buy,-0.392,3
485,1787683945621,AGIUSDT,Buy,-0.51708,3
486,1787684225235,1000RATSUSDT,Sell,-0.405,3
487,1787684824639,AMCUSDT,Buy,-0.3874,2
488,1787684863904,ACXUSDT,Sell,-0.33985,2
489,1787685243631,AGIUSDT,Sell,-0.48928,2
490,1787685503866,AGIUSDT,Sell,-0.50414,2
491,1787686021443,AGIUSDT,Buy,-1.40032,1
492,1787686027608,AGIUSDT,Buy,-0.59813,3
493,1787686032696,AGIUSDT,Buy,-3.05505,4
494,1787686635155,APPSTOCKUSDT,Sell,-0.4108,3
495,1787686844461,AGIUSDT,Buy,-0.39192,3
496,1787687263418,AGIUSDT,Sell,-0.36985,2
497,1787687673796,BICOUSDT,Sell,-0.347189,2
498,1787687818463,APPSTOCKUSDT,Sell,-1.222,1
499,1787687836421,APPSTOCKUSDT,Sell,-2.548,4
500,1787687854004,AGIUSDT,Sell,-0.48372,2
501,1787688591815,AGIUSDT,Sell,-1.10432,0
502,1787688635417,BNCUSDT,Buy,-0.3937,3
503,1787688812129,ADBEUSDT,Buy,-1.1452,0
504,1787689083990,HANAUSDT,Buy,-0.4053,2
505,1787689102173,FORMUSDT,Buy,-1.38092,0
506,1787689131709,HANAUSDT,Buy,-1.10589,0
507,1787689275491,GRVTUSDT,Buy,-0.39396,3
508,1787690285477,HOMEUSDT,Buy,-0.39928,3
509,1787690564600,BANANAUSDT,Buy,-0.39292,3
510,1787690581555,COTIUSDT,Sell,3.745321,0
511,1787690819690,FIGHTUSDT,Buy,-0.3861,2
512,1787690835185,1000000MOGUSDT,Buy,-0.40716,3
513,1787691421996,IOSTUSDT,Buy,-1.0823607,0
514,1787691682792,GRVTUSDT,Buy,-1.26165,1
515,1787692041789,BANUSDT,Buy,-1.086,0
516,1787692065871,GRVTUSDT,Buy,-3.2994,4
517,1787692093917,NESAUSDT,Buy,-0.8468,2
518,1787692098759,HOMEUSDT,Buy,-0.63729,3
519,1787692103830,HOMEUSDT,Buy,-2.56511,4
520,1787692112799,HOMEUSDT,Buy,-1.26868,1
521,1787692117787,1000RATSUSDT,Buy,-0.621,2
522,1787692131375,ARKUSDT,Buy,-1.09962,0
523,1787692285090,AGIUSDT,Buy,-0.41229,3
524,1787692425022,NESAUSDT,Sell,-0.4088,3
525,1787692755521,AGIUSDT,Buy,-0.4104,3
526,1787693103032,AGIUSDT,Buy,-1.27759,1
527,1787693514287,AGIUSDT,Sell,-0.43774,2
528,1787693583680,NESAUSDT,Buy,-0.3809,2
529,1787693853790,AGIUSDT,Sell,-0.70007,2
530,1787693873962,HOMEUSDT,Sell,-0.3537,2
531,1787693924939,ACXUSDT,Buy,-0.5346,3
532,1787694031468,AGIUSDT,Sell,-1.07399,0
533,1787694444527,AGIUSDT,Sell,-0.33327,2
534,1787694532436,AGIUSDT,Buy,-1.22682,1
535,1787694538430,AGIUSDT,Buy,-0.83076,3
536,1787695054671,AGIUSDT,Sell,-0.3416,2
537,1787695075435,AGIUSDT,Buy,-0.45384,3
538,1787695675138,APPSTOCKUSDT,Sell,-0.396,3
539,1787695884014,AGIUSDT,Sell,-0.3585,2
540,1787695904886,HOMEUSDT,Sell,-0.33201,2
541,1787696235501,NESAUSDT,Sell,-0.4102,3
542,1787696294617,AGIUSDT,Sell,-0.35372,2
543,1787696511442,BICOUSDT,Sell,-1.133593,0
544,1787696834238,AGIUSDT,Sell,-0.39442,2
545,1787697244941,AGIUSDT,Buy,-0.39674,3
546,1787697424000,AGIUSDT,Sell,-0.51198,2
547,1787697704730,1000RATSUSDT,Sell,-0.4004,3
548,1787698023012,AGIUSDT,Buy,-2.20358,1
549,1787698026925,NESAUSDT,Sell,-1.3432,1
550,1787698032842,AGIUSDT,Buy,-1.72431,3
551,1787698037800,AGIUSDT,Buy,-3.34582,4
552,1787698041596,NESAUSDT,Sell,-2.691,4
553,1787698053609,AGIUSDT,Sell,-0.38025,2
554,1787698673952,AGIUSDT,Sell,-0.35052,2
555,1787698952297,HYUNDAIUSDT,Sell,-1.0829,0
556,1787698972872,1000RATSUSDT,Sell,-1.2649,1
557,1787699056178,1000RATSUSDT,Sell,-2.4934,4
558,1787699344289,AGIUSDT,Sell,-0.37148,2
559,1787700024379,AGIUSDT,Sell,-0.55552,2
560,1787700904462,AGIUSDT,Sell,-0.70928,2
561,1787701023505,AGIUSDT,Sell,-0.4802,2
562,1787701924932,AGIUSDT,Buy,-0.3968,3
563,1787702494116,HOMEUSDT,Sell,-0.4257,2
564,1787702532860,AGIUSDT,Buy,-1.41912,1
565,1787702538781,AGIUSDT,Buy,-0.53393,3
566,1787702543689,AGIUSDT,Buy,-2.8217,4
567,1787702827255,AGIUSDT,Sell,-0.4641,2
568,1787702832119,KSTRUSDT,Sell,-0.4275,3
569,1787702893866,HOMEUSDT,Sell,-0.34132,2
570,1787702923873,KORUUSDT,Sell,-0.3762,2
571,1787703145397,1000BTTUSDT,Buy,-0.39469,3
572,1787703162604,MINIMAXUSDT,Sell,-1.248,1
573,1787703186000,MINIMAXUSDT,Sell,-2.5376,4
574,1787703213806,ARIAUSDT,Buy,-0.33504,2
575,1787703424294,AGIUSDT,Sell,-0.78369,2
576,1787703451376,KORUUSDT,Sell,-1.1088,0
577,1787703921481,HOMEUSDT,Sell,-1.06904,0
578,1787704034195,AGIUSDT,Sell,-0.35121,2
579,1787704265123,1000RATSUSDT,Sell,-0.3916,3
580,1787704454877,1000000MOGUSDT,Sell,-0.43875,3
581,1787704622837,AGIUSDT,Sell,-0.4284,2
582,1787705045035,AGIUSDT,Buy,-0.4539,3
583,1787705095599,AGIUSDT,Buy,-2.5296,4
584,1787705111822,AGIUSDT,Sell,3.83019,0
585,1787705234011,AGIUSDT,Sell,-0.47042,2
586,1787705253791,HOMEUSDT,Sell,-0.36081,2
587,1787705331708,AGIUSDT,Sell,-1.24716,0
588,1787706083784,BLENDUSDT,Sell,-0.36,2
589,1787706144121,AGIUSDT,Sell,-0.54237,2
590,1787706221887,AGIUSDT,Sell,-1.08474,0
591,1787706424534,AGIUSDT,Sell,-0.38775,2
592,1787706428298,1000000MOGUSDT,Sell,-0.3828,2
593,1787707164268,AGIUSDT,Sell,-0.36707,2
594,1787707894480,AGIUSDT,Buy,-0.42911,3
595,1787708094219,AGIUSDT,Sell,-0.68112,2
596,1787708215505,AGIUSDT,Sell,-1.07536,0
597,1787708221985,BLENDUSDT,Sell,-0.41193,2
598,1787708474284,AGIUSDT,Sell,-0.3302,2
599,1787709095855,AGIUSDT,Buy,-0.40132,3
600,1787709183482,HOMEUSDT,Sell,-0.33966,2
601,1787709771502,MOVEUSDT,Sell,-1.216722,0
602,1787709832984,AGIUSDT,Buy,-1.24705,1
603,1787709885206,AGIUSDT,Buy,-0.6799,3
604,1787710019835,HOMEUSDT,Buy,-0.54094,3
605,1787710084322,AGIUSDT,Sell,-0.41184,2
606,1787710394274,FOLKSUSDT,Buy,-0.466488,2
607,1787710445354,BLENDUSDT,Buy,-0.426,3
608,1787710771693,1000000MOGUSDT,Sell,-1.15188,0
609,1787710777612,AGIUSDT,Sell,-0.5096,2
610,1787710985449,1000BTTUSDT,Buy,-0.38276,3
611,1787711217927,MONUSDT,Sell,-0.338635,2
612,1787711293800,AGIUSDT,Sell,-0.37152,2
613,1787711863812,BANANAUSDT,Sell,-0.32054,2
614,1787712235509,AGIUSDT,Buy,-0.4488,3
615,1787712252946,AGIUSDT,Buy,-1.50672,1
616,1787712260163,AGIUSDT,Buy,-3.22608,4
617,1787712813616,AGIUSDT,Sell,-0.37051,2
618,1787713073997,AGIUSDT,Sell,-0.41025,2
619,1787713254725,MOVEUSDT,Sell,-0.32291,2
620,1787713453780,HOMEUSDT,Sell,-0.41408,2
621,1787713653516,AGIUSDT,Sell,-1.03045,2
622,1787713744271,MOVEUSDT,Sell,-0.32144,2
623,1787713902090,MOVEUSDT,Sell,-1.130185,0
624,1787714022003,AGIUSDT,Sell,3.72079,0
625,1787714029258,AGIUSDT,Buy,-0.80738,3
626,1787714052512,AGIUSDT,Buy,-1.23319,1
627,1787714059535,AGIUSDT,Buy,-2.52168,4
628,1787714223622,AGIUSDT,Sell,-0.5452,2
629,1787714581386,AGIUSDT,Sell,-1.0846,0
630,1787714833951,AGIUSDT,Sell,-0.5376,2
631,1787715294848,MOVEUSDT,Buy,-0.41517,3
632,1787715312912,MOVEUSDT,Buy,-1.22985,1
633,1787715420140,AGIUSDT,Sell,-0.34587,2
634,1787715426173,MOVEUSDT,Buy,-2.95264,4
635,1787715693382,MOVEUSDT,Sell,-0.440128,2
636,1787716045354,AGIUSDT,Buy,-0.53865,3
637,1787716050238,AGIUSDT,Buy,-2.45499,4
638,1787716063443,AGIUSDT,Buy,-1.7864,1
639,1787716618143,APLDUSDT,Sell,-0.3614,2
640,1787716694408,MOVEUSDT,Sell,-0.389008,2
641,1787716854522,AGIUSDT,Sell,-0.80864,2
642,1787716935118,1000BTTUSDT,Buy,-0.39643,3
643,1787716954428,BNCUSDT,Sell,-0.3999,3
644,1787717045152,MONUSDT,Buy,-0.38907,3
645,1787717085236,B3USDT,Buy,-0.38399,3
646,1787717089022,BLENDUSDT,Buy,-0.41412,3
647,1787717226908,AGIUSDT,Sell,-0.33402,2
648,1787717273781,FLUIDUSDT,Sell,-0.53889,2
649,1787717314434,FIGHTUSDT,Buy,-0.31668,2
650,1787717344603,FLUIDUSDT,Buy,-0.39468,3
651,1787717824280,AGIUSDT,Sell,-0.42387,2
652,1787717893882,FLUIDUSDT,Sell,-0.4386,2
653,1787718305146,FLUIDUSDT,Buy,-0.47175,3
654,1787718465995,FLUIDUSDT,Buy,-0.45466,3
655,1787718643422,FLUIDUSDT,Sell,-0.45212,2
656,1787718745314,AGIUSDT,Buy,-0.4688,3
