id,date_ms,sym,side,size,akk
1,1787590007872,1000BTTUSDT,Sell,39.9725,0
2,1787590008059,1000BTTUSDT,Buy,39.9725,1
3,1787590008261,1000BTTUSDT,Sell,39.9725,2
4,1787590008453,1000BTTUSDT,Buy,39.9725,3
5,1787590009328,ACEUSDT,Sell,39.98794,0
6,1787590009536,ACEUSDT,Buy,39.98794,1
7,1787590009731,ACEUSDT,Sell,39.98794,2
8,1787590009955,ACEUSDT,Buy,39.98794,3
9,1787590010803,BNCUSDT,Buy,39.95,0
10,1787590011001,BNCUSDT,Sell,39.95,1
11,1787590011189,BNCUSDT,Buy,39.95,2
12,1787590011375,BNCUSDT,Sell,39.95,3
13,1787590012245,MINIMAXUSDT,Sell,39.9738,0
14,1787590012429,MINIMAXUSDT,Buy,39.9738,1
15,1787590012630,MINIMAXUSDT,Sell,39.9738,2
16,1787590012823,MINIMAXUSDT,Buy,39.9738,3
17,1787590609411,1000BTTUSDT,Buy,39.99079,3
18,1787591810352,CASHCATUSDT,Buy,39.2568,0
19,1787591810549,CASHCATUSDT,Sell,39.2568,1
20,1787591810749,CASHCATUSDT,Buy,39.2568,2
21,1787591810944,CASHCATUSDT,Sell,39.2568,3
22,1787592410118,BNCUSDT,Sell,39.816,1
23,1787592410319,BNCUSDT,Buy,39.816,2
24,1787592410513,BNCUSDT,Sell,39.816,3
25,1787592411404,CASHCATUSDT,Buy,38.5616,0
26,1787592411612,CASHCATUSDT,Sell,38.5616,1
27,1787592411811,CASHCATUSDT,Buy,38.5616,2
28,1787592412009,CASHCATUSDT,Sell,38.5616,3
29,1787593008385,1000BTTUSDT,Buy,39.984,3
30,1787593009957,CASHCATUSDT,Buy,38.3834,2
31,1787593609864,CASHCATUSDT,Buy,39.9993,2
32,1787594210396,ACXUSDT,Sell,39.97036,0
33,1787594210594,ACXUSDT,Buy,39.97036,1
34,1787594210797,ACXUSDT,Sell,39.97036,2
35,1787594211002,ACXUSDT,Buy,39.97036,3
36,1787594811532,BNCUSDT,Buy,39.7002,2
37,1787594812580,CASHCATUSDT,Sell,39.7078,3
38,1787595409847,AGIUSDT,Sell,39.9924,0
39,1787595410052,AGIUSDT,Buy,39.9924,1
40,1787595410268,AGIUSDT,Sell,39.9924,2
41,1787595410475,AGIUSDT,Buy,39.9924,3
42,1787595411364,B3USDT,Sell,39.98685,0
43,1787595411561,B3USDT,Buy,39.98685,1
44,1787595411789,B3USDT,Sell,39.98685,2
45,1787595412003,B3USDT,Buy,39.98685,3
46,1787595413678,LSKUSDT,Buy,39.997072,0
47,1787595413890,LSKUSDT,Sell,39.997072,1
48,1787595414091,LSKUSDT,Buy,39.997072,2
49,1787595414294,LSKUSDT,Sell,39.997072,3
50,1787596621759,MOVEUSDT,Sell,39.99912,0
51,1787596621962,MOVEUSDT,Buy,39.99912,1
52,1787596622149,MOVEUSDT,Sell,39.99912,2
53,1787596622351,MOVEUSDT,Buy,39.99912,3
54,1787597815557,AGIUSDT,Buy,39.96278,3
55,1787599025381,LSKUSDT,Buy,39.999552,2
56,1787599610543,CXMTUSDT,Sell,39.3792,0
57,1787599611055,CXMTUSDT,Buy,39.3792,1
58,1787599611272,CXMTUSDT,Sell,39.3792,2
59,1787599611472,CXMTUSDT,Buy,39.3792,3
60,1787599613144,MOVEUSDT,Buy,39.999,3
61,1787600812117,IONQUSDT,Buy,39.744,0
62,1787600812313,IONQUSDT,Sell,39.744,1
63,1787600812509,IONQUSDT,Buy,39.744,2
64,1787600812699,IONQUSDT,Sell,39.744,3
65,1787601412930,MAUSDT,Sell,35.5764,0
66,1787601413123,MAUSDT,Buy,35.5764,1
67,1787601413327,MAUSDT,Sell,35.5764,2
68,1787601413517,MAUSDT,Buy,35.5764,3
69,1787602009807,1000000MOGUSDT,Sell,39.9165,0
70,1787602009994,1000000MOGUSDT,Buy,39.9165,1
71,1787602010190,1000000MOGUSDT,Sell,39.9165,2
72,1787602010416,1000000MOGUSDT,Buy,39.9165,3
73,1787602011978,BANANAUSDT,Sell,39.9942,0
74,1787602012184,BANANAUSDT,Buy,39.9942,1
75,1787602012385,BANANAUSDT,Sell,39.9942,2
76,1787602012569,BANANAUSDT,Buy,39.9942,3
77,1787603208580,ACXUSDT,Sell,39.98721,3
78,1787603808825,B3USDT,Sell,39.97049,0
79,1787603809008,B3USDT,Buy,39.97049,1
80,1787603809198,B3USDT,Sell,39.97049,2
81,1787603809389,B3USDT,Buy,39.97049,3
82,1787604408749,B3USDT,Sell,39.99177,2
83,1787604409917,FORMUSDT,Buy,39.8792,0
84,1787604410102,FORMUSDT,Sell,39.8792,1
85,1787604410289,FORMUSDT,Buy,39.8792,2
86,1787604410494,FORMUSDT,Sell,39.8792,3
87,1787605610093,FORMUSDT,Sell,39.7575,3
88,1787606209693,B3USDT,Buy,39.9681,3
89,1787606210546,FORMUSDT,Sell,39.9898,1
90,1787606210734,FORMUSDT,Buy,39.9898,2
91,1787606210923,FORMUSDT,Sell,39.9898,3
92,1787607410431,ACXUSDT,Sell,39.96148,3
93,1787608609796,CASHCATUSDT,Buy,39.5162,0
94,1787608609985,CASHCATUSDT,Sell,39.5162,1
95,1787608610172,CASHCATUSDT,Buy,39.5162,2
96,1787608610356,CASHCATUSDT,Sell,39.5162,3
97,1787608611212,COTIUSDT,Sell,39.99767,0
98,1787608611399,COTIUSDT,Buy,39.99767,1
99,1787608611802,COTIUSDT,Sell,39.99767,2
100,1787608611997,COTIUSDT,Buy,39.99767,3
101,1787609208618,CASHCATUSDT,Buy,38.1024,2
102,1787609208817,CASHCATUSDT,Sell,38.1024,3
103,1787609209679,COTIUSDT,Buy,39.998259,1
104,1787609209872,COTIUSDT,Buy,39.998259,3
105,1787609212060,MOVEUSDT,Buy,39.99393,3
106,1787609808684,CASHCATUSDT,Buy,39.5143,2
107,1787609809535,COTIUSDT,Buy,39.99514,3
108,1787611008481,CASHCATUSDT,Sell,38.6388,1
109,1787611008667,CASHCATUSDT,Buy,38.6388,2
110,1787611008856,CASHCATUSDT,Sell,38.6388,3
111,1787611607926,CASHCATUSDT,Buy,38.4534,2
112,1787611608113,CASHCATUSDT,Sell,38.4534,3
113,1787612210405,CASHCATUSDT,Sell,39.1266,3
114,1787612807933,AGIUSDT,Sell,39.96384,0
115,1787612808118,AGIUSDT,Buy,39.96384,1
116,1787612808302,AGIUSDT,Sell,39.96384,2
117,1787612808491,AGIUSDT,Buy,39.96384,3
118,1787612809345,CASHCATUSDT,Sell,38.9034,1
119,1787612809529,CASHCATUSDT,Buy,38.9034,2
120,1787612809715,CASHCATUSDT,Sell,38.9034,3
121,1787613408114,AGIUSDT,Sell,39.99359,2
122,1787613409066,BXUSDT,Buy,38.7612,0
123,1787613409498,BXUSDT,Sell,38.7612,1
124,1787613409694,BXUSDT,Buy,38.7612,2
125,1787613409886,BXUSDT,Sell,38.7612,3
126,1787613410743,CASHCATUSDT,Buy,39.7936,2
127,1787613410927,CASHCATUSDT,Sell,39.7936,3
128,1787614009876,CASHCATUSDT,Sell,39.748,1
129,1787614010060,CASHCATUSDT,Buy,39.748,2
130,1787614010247,CASHCATUSDT,Sell,39.748,3
131,1787614608819,AGIUSDT,Sell,39.9586,0
132,1787614609005,AGIUSDT,Buy,39.9586,1
133,1787614609193,AGIUSDT,Sell,39.9586,2
134,1787614609379,AGIUSDT,Buy,39.9586,3
135,1787614610897,CASHCATUSDT,Buy,39.5713,2
136,1787615207141,AGIUSDT,Sell,39.96802,0
137,1787615207325,AGIUSDT,Buy,39.96802,1
138,1787615207510,AGIUSDT,Sell,39.96802,2
139,1787615209022,CASHCATUSDT,Buy,39.026,2
140,1787615810062,AGIUSDT,Sell,39.98895,2
141,1787615810909,APPSTOCKUSDT,Buy,39.0884,0
142,1787615811100,APPSTOCKUSDT,Sell,39.0884,1
143,1787615811288,APPSTOCKUSDT,Buy,39.0884,2
144,1787615811479,APPSTOCKUSDT,Sell,39.0884,3
145,1787615812324,BNCUSDT,Sell,39.7965,0
146,1787615812512,BNCUSDT,Buy,39.7965,1
147,1787615812695,BNCUSDT,Sell,39.7965,2
148,1787615812879,BNCUSDT,Buy,39.7965,3
149,1787615814383,CASHCATUSDT,Buy,38.2432,0
150,1787615814572,CASHCATUSDT,Sell,38.2432,1
151,1787615814755,CASHCATUSDT,Buy,38.2432,2
152,1787616411104,ADBEUSDT,Buy,38.6554,0
153,1787616411291,ADBEUSDT,Sell,38.6554,1
154,1787616411476,ADBEUSDT,Buy,38.6554,2
155,1787616411662,ADBEUSDT,Sell,38.6554,3
156,1787616412019,ADBEUSDT,Sell,77.3108,4
157,1787616412863,AGIUSDT,Sell,39.97566,0
158,1787616413063,AGIUSDT,Buy,39.97566,1
159,1787616413248,AGIUSDT,Sell,39.97566,2
160,1787616413433,AGIUSDT,Buy,39.97566,3
161,1787616413778,AGIUSDT,Buy,79.95132,4
162,1787616414933,AMATUSDT,Sell,38.5152,0
163,1787616415117,AMATUSDT,Buy,38.5152,1
164,1787616415300,AMATUSDT,Sell,38.5152,2
165,1787616415489,AMATUSDT,Buy,38.5152,3
166,1787616415837,AMATUSDT,Buy,77.0304,4
167,1787616416708,APPSTOCKUSDT,Sell,38.9636,1
168,1787616417058,APPSTOCKUSDT,Sell,77.9272,4
169,1787616417904,BNCUSDT,Buy,39.7449,1
170,1787616418253,BNCUSDT,Buy,79.7979,4
171,1787616419097,CASHCATUSDT,Buy,39.642,0
172,1787616419281,CASHCATUSDT,Sell,39.642,1
173,1787616419465,CASHCATUSDT,Buy,39.642,2
174,1787616419647,CASHCATUSDT,Sell,39.642,3
175,1787616419996,CASHCATUSDT,Sell,79.284,4
176,1787616420840,DDOGUSDT,Sell,38.5322,0
177,1787616421023,DDOGUSDT,Buy,38.5322,1
178,1787616421207,DDOGUSDT,Sell,38.5322,2
179,1787616421437,DDOGUSDT,Buy,38.5322,3
180,1787616421791,DDOGUSDT,Buy,79.331,4
181,1787616422641,HANAUSDT,Buy,39.8325,0
182,1787616422828,HANAUSDT,Sell,39.8325,1
183,1787616423014,HANAUSDT,Buy,39.8325,2
184,1787616423205,HANAUSDT,Sell,39.8325,3
185,1787616423560,HANAUSDT,Sell,79.8345,4
186,1787616424406,HYUNDAIUSDT,Sell,38.9025,0
187,1787616424590,HYUNDAIUSDT,Buy,38.9025,1
188,1787616424779,HYUNDAIUSDT,Sell,38.9025,2
189,1787616424963,HYUNDAIUSDT,Buy,38.9025,3
190,1787616425311,HYUNDAIUSDT,Buy,77.805,4
191,1787616426156,JSTUSDT,Sell,39.1677,0
192,1787616426338,JSTUSDT,Buy,39.1677,1
193,1787616426522,JSTUSDT,Sell,39.1677,2
194,1787616426705,JSTUSDT,Buy,39.1677,3
195,1787616427053,JSTUSDT,Buy,79.3397,4
196,1787616427898,MARAUSDT,Buy,39.9432,0
197,1787616428082,MARAUSDT,Sell,39.9432,1
198,1787616428266,MARAUSDT,Buy,39.9432,2
199,1787616428450,MARAUSDT,Sell,39.9432,3
200,1787616428800,MARAUSDT,Sell,79.9986,4
201,1787616429645,MOVEUSDT,Buy,39.99296,1
202,1787616429828,MOVEUSDT,Buy,39.99296,3
203,1787616430176,MOVEUSDT,Buy,79.99383,4
204,1787617009731,ACXUSDT,Buy,39.99996,1
205,1787617010081,ACXUSDT,Buy,79.99992,4
206,1787617010936,AGIUSDT,Sell,39.99041,0
207,1787617011122,AGIUSDT,Buy,39.99041,1
208,1787617011306,AGIUSDT,Sell,39.99041,2
209,1787617011490,AGIUSDT,Buy,39.99041,3
210,1787617011839,AGIUSDT,Buy,79.98082,4
211,1787617014361,CASHCATUSDT,Buy,38.4218,2
212,1787617014552,CASHCATUSDT,Sell,38.4218,3
213,1787617015569,CROSSUSDT,Sell,39.95607,0
214,1787617015755,CROSSUSDT,Buy,39.95607,1
215,1787617015941,CROSSUSDT,Sell,39.95607,2
216,1787617016129,CROSSUSDT,Buy,39.95607,3
217,1787617016480,CROSSUSDT,Buy,79.91214,4
218,1787617609101,AGIUSDT,Buy,39.98566,3
219,1787617610954,BNCUSDT,Buy,39.806,3
220,1787617611972,CASHCATUSDT,Sell,39.9437,1
221,1787617612158,CASHCATUSDT,Buy,39.9437,2
222,1787617612343,CASHCATUSDT,Sell,39.9437,3
223,1787617612692,CASHCATUSDT,Sell,79.8874,4
224,1787617614372,FWDIUSDT,Buy,39.9786,0
225,1787617614558,FWDIUSDT,Sell,39.9786,1
226,1787617614746,FWDIUSDT,Buy,39.9786,2
227,1787617614931,FWDIUSDT,Sell,39.9786,3
228,1787617615281,FWDIUSDT,Sell,79.9572,4
229,1787618209490,AGIUSDT,Sell,39.963,0
230,1787618209677,AGIUSDT,Buy,39.963,1
231,1787618209862,AGIUSDT,Sell,39.963,2
232,1787618210221,AGIUSDT,Buy,79.9779,4
233,1787618211907,B3USDT,Buy,39.964,1
234,1787618212096,B3USDT,Sell,39.964,2
235,1787618212282,B3USDT,Buy,39.964,3
236,1787618212632,B3USDT,Buy,79.9795,4
237,1787618214312,CASHCATUSDT,Buy,38.0376,2
238,1787618214496,CASHCATUSDT,Sell,38.0376,3
239,1787618216345,NESAUSDT,Buy,39.9942,0
240,1787618216528,NESAUSDT,Sell,39.9942,1
241,1787618216716,NESAUSDT,Buy,39.9942,2
242,1787618216906,NESAUSDT,Sell,39.9942,3
243,1787618217262,NESAUSDT,Sell,79.9884,4
244,1787618809198,AGIUSDT,Sell,39.9823,2
245,1787618809383,AGIUSDT,Buy,39.9823,3
246,1787618811229,B3USDT,Sell,39.99564,2
247,1787618811412,B3USDT,Buy,39.99564,3
248,1787619408041,AGIUSDT,Buy,39.9674,1
249,1787619408227,AGIUSDT,Sell,39.9674,2
250,1787619408579,AGIUSDT,Buy,79.9839,4
251,1787619410259,B3USDT,Buy,39.95927,3
252,1787620008176,AGIUSDT,Buy,39.95584,1
253,1787620008359,AGIUSDT,Sell,39.95584,2
254,1787620008544,AGIUSDT,Buy,39.95584,3
255,1787620008899,AGIUSDT,Buy,79.95936,4
256,1787620012377,NESAUSDT,Sell,39.9094,1
257,1787620012876,NESAUSDT,Buy,39.9094,2
258,1787620013060,NESAUSDT,Sell,39.9094,3
259,1787620013414,NESAUSDT,Sell,79.9459,4
260,1787620608443,AGIUSDT,Sell,39.9832,0
261,1787620608636,AGIUSDT,Buy,39.9832,3
262,1787620610527,B3USDT,Buy,39.9699,1
263,1787620610712,B3USDT,Buy,39.9699,3
264,1787620611063,B3USDT,Buy,79.9897,4
265,1787620612744,JNJUSDT,Buy,38.318,0
266,1787620612927,JNJUSDT,Sell,38.318,1
267,1787620613116,JNJUSDT,Buy,38.318,2
268,1787620613299,JNJUSDT,Sell,38.318,3
269,1787620613648,JNJUSDT,Sell,79.373,4
270,1787620614498,MINIMAXUSDT,Sell,39.6891,1
271,1787620614685,MINIMAXUSDT,Buy,39.6891,2
272,1787620614872,MINIMAXUSDT,Sell,39.6891,3
273,1787620615223,MINIMAXUSDT,Sell,79.7791,4
274,1787621208518,AGIUSDT,Sell,39.991,0
275,1787621208705,AGIUSDT,Buy,39.991,1
276,1787621208889,AGIUSDT,Sell,39.991,2
277,1787621210733,FWDIUSDT,Sell,39.916,3
278,1787621808563,AGIUSDT,Buy,39.98196,1
279,1787621808746,AGIUSDT,Buy,39.98196,3
280,1787621809098,AGIUSDT,Buy,79.96392,4
281,1787623608592,GRVTUSDT,Sell,39.98016,0
282,1787623608776,GRVTUSDT,Buy,39.98016,1
283,1787623608962,GRVTUSDT,Sell,39.98016,2
284,1787623609146,GRVTUSDT,Buy,39.98016,3
285,1787623609497,GRVTUSDT,Buy,79.96032,4
286,1787624208368,BNCUSDT,Buy,39.8976,2
287,1787624809255,AGIUSDT,Buy,39.98584,1
288,1787624809440,AGIUSDT,Sell,39.98584,2
289,1787624809793,AGIUSDT,Buy,79.97168,4
290,1787624813150,GRVTUSDT,Buy,39.8307,1
291,1787624813335,GRVTUSDT,Sell,39.8307,2
292,1787624813524,GRVTUSDT,Buy,39.8307,3
293,1787624813874,GRVTUSDT,Buy,79.86566,4
294,1787625409127,AGIUSDT,Sell,39.9903,0
295,1787625409311,AGIUSDT,Buy,39.9903,1
296,1787625409497,AGIUSDT,Sell,39.9903,2
297,1787625409682,AGIUSDT,Buy,39.9903,3
298,1787625410034,AGIUSDT,Buy,79.9806,4
299,1787626008300,AGIUSDT,Sell,39.991,0
300,1787626008482,AGIUSDT,Buy,39.991,1
301,1787626008668,AGIUSDT,Sell,39.991,2
302,1787626009020,AGIUSDT,Buy,79.982,4
303,1787626012134,BXUSDT,Sell,38.6505,1
304,1787626012483,BXUSDT,Sell,78.7325,4
305,1787626608912,AGIUSDT,Sell,39.99182,2
306,1787627209323,AGIUSDT,Sell,39.9978,2
307,1787627212002,CXMTUSDT,Buy,39.3792,1
308,1787627212186,CXMTUSDT,Sell,39.3792,2
309,1787627212371,CXMTUSDT,Buy,39.3792,3
310,1787627212726,CXMTUSDT,Buy,79.5788,4
311,1787627214716,GEVUSDT,Buy,39.63498,0
312,1787627214900,GEVUSDT,Sell,39.63498,1
313,1787627215084,GEVUSDT,Buy,39.63498,2
314,1787627215270,GEVUSDT,Sell,39.63498,3
315,1787627215619,GEVUSDT,Sell,79.26996,4
316,1787627216468,MAUSDT,Buy,35.8236,1
317,1787627216885,MAUSDT,Buy,77.6178,4
318,1787627808512,AGIUSDT,Sell,39.98685,2
319,1787628407838,AGIUSDT,Sell,39.95341,0
320,1787628408024,AGIUSDT,Buy,39.95341,1
321,1787628408210,AGIUSDT,Sell,39.95341,2
322,1787628408395,AGIUSDT,Buy,39.95341,3
323,1787628408752,AGIUSDT,Buy,79.95733,4
324,1787628411261,CXMTUSDT,Sell,39.7536,2
325,1787629008835,AGIUSDT,Buy,39.97158,1
326,1787629009024,AGIUSDT,Sell,39.97158,2
327,1787629009213,AGIUSDT,Buy,39.97158,3
328,1787629010284,BNCUSDT,Sell,39.7891,3
329,1787629011300,CXMTUSDT,Buy,39.7824,3
330,1787629012313,FWDIUSDT,Sell,39.6707,3
331,1787629013329,GEVUSDT,Sell,39.78996,3
332,1787629014356,MAUSDT,Buy,35.8242,3
333,1787629607812,AGIUSDT,Sell,39.9977,0
334,1787629607995,AGIUSDT,Sell,39.9977,2
335,1787630208328,AGIUSDT,Buy,39.96384,3
336,1787630812939,ESPUSDT,Sell,39.87,0
337,1787630813124,ESPUSDT,Buy,39.87,1
338,1787630813311,ESPUSDT,Sell,39.87,2
339,1787630813504,ESPUSDT,Buy,39.87,3
340,1787630813854,ESPUSDT,Buy,79.74,4
341,1787630815527,GRVTUSDT,Sell,39.9009,2
342,1787630815716,GRVTUSDT,Buy,39.9009,3
343,1787630817558,NESAUSDT,Buy,39.8825,0
344,1787630817743,NESAUSDT,Sell,39.8825,1
345,1787630817929,NESAUSDT,Buy,39.8825,2
346,1787630818114,NESAUSDT,Sell,39.8825,3
347,1787630818464,NESAUSDT,Sell,79.8975,4
348,1787631408519,AGIUSDT,Sell,39.9669,0
349,1787631408701,AGIUSDT,Sell,39.9669,2
350,1787631409049,AGIUSDT,Buy,79.98625,4
351,1787631414109,HUSDT,Buy,39.3768,0
352,1787631414295,HUSDT,Sell,39.3768,1
353,1787631414479,HUSDT,Buy,39.3768,2
354,1787631414663,HUSDT,Sell,39.3768,3
355,1787631415014,HUSDT,Sell,79.4828,4
356,1787632007422,AGIUSDT,Buy,39.98655,1
357,1787632007608,AGIUSDT,Sell,39.98655,2
358,1787632007794,AGIUSDT,Buy,39.98655,3
359,1787632008813,APPSTOCKUSDT,Sell,39.0988,3
360,1787632013274,GRVTUSDT,Sell,39.86222,0
361,1787632013468,GRVTUSDT,Sell,39.86222,2
362,1787632015314,MOVEUSDT,Sell,39.9924,3
363,1787632606920,AGIUSDT,Sell,39.9636,2
364,1787633207552,ACXUSDT,Buy,39.98721,1
365,1787633207745,ACXUSDT,Sell,39.98721,2
366,1787633207939,ACXUSDT,Buy,39.98721,3
367,1787633208303,ACXUSDT,Buy,79.97442,4
368,1787633209165,AGIUSDT,Sell,39.97452,2
369,1787634408380,AGIUSDT,Sell,39.95082,0
370,1787634408567,AGIUSDT,Buy,39.95082,1
371,1787634408755,AGIUSDT,Sell,39.95082,2
372,1787634408941,AGIUSDT,Buy,39.95082,3
373,1787634409295,AGIUSDT,Buy,79.95855,4
374,1787634410148,APPSTOCKUSDT,Sell,39.0247,3
375,1787634410514,APPSTOCKUSDT,Sell,78.0494,4
376,1787634411369,BNCUSDT,Sell,39.9488,3
377,1787634411743,BNCUSDT,Sell,79.8976,4
378,1787634412592,GEVUSDT,Sell,39.83112,3
379,1787634412945,GEVUSDT,Sell,79.66224,4
380,1787634413796,MAUSDT,Buy,35.7978,3
381,1787634414153,MAUSDT,Buy,77.5619,4
382,1787635008003,ACXUSDT,Buy,39.9903,3
383,1787635008366,ACXUSDT,Buy,79.9806,4
384,1787635009217,AGIUSDT,Sell,39.984,0
385,1787635009400,AGIUSDT,Buy,39.984,1
386,1787635009585,AGIUSDT,Sell,39.984,2
387,1787635009771,AGIUSDT,Buy,39.984,3
388,1787635010126,AGIUSDT,Buy,79.968,4
389,1787635609382,AGIUSDT,Buy,39.95124,1
390,1787635609576,AGIUSDT,Sell,39.95124,2
391,1787635609798,AGIUSDT,Buy,39.95124,3
392,1787635610157,AGIUSDT,Buy,79.9582,4
393,1787636208417,ACXUSDT,Buy,39.98004,1
394,1787636208604,ACXUSDT,Sell,39.98004,2
395,1787636208805,ACXUSDT,Buy,39.98004,3
396,1787636209155,ACXUSDT,Buy,79.96008,4
397,1787636210028,AGIUSDT,Buy,39.96945,1
398,1787636210238,AGIUSDT,Sell,39.96945,2
399,1787636210628,AGIUSDT,Buy,79.99641,4
400,1787636812311,AGIUSDT,Sell,39.9828,2
401,1787637407761,AGIUSDT,Sell,39.98844,2
402,1787638008328,AGIUSDT,Sell,39.98665,0
403,1787638008512,AGIUSDT,Buy,39.98665,1
404,1787638008696,AGIUSDT,Sell,39.98665,2
405,1787638008882,AGIUSDT,Buy,39.98665,3
406,1787638009235,AGIUSDT,Buy,79.9733,4
407,1787638010097,APPSTOCKUSDT,Sell,39.0819,1
408,1787638011140,BNCUSDT,Sell,39.9616,1
409,1787638012153,MAUSDT,Buy,35.8242,1
410,1787638607230,AGIUSDT,Sell,39.97013,0
411,1787638607415,AGIUSDT,Buy,39.97013,1
412,1787638607604,AGIUSDT,Sell,39.97013,2
413,1787638607804,AGIUSDT,Buy,39.97013,3
414,1787638608157,AGIUSDT,Buy,79.94026,4
415,1787639208338,AGIUSDT,Sell,39.97202,2
416,1787639208526,AGIUSDT,Buy,39.97202,3
417,1787639208881,AGIUSDT,Buy,79.94404,4
418,1787639209922,APPSTOCKUSDT,Sell,78.1716,4
419,1787639210988,BNCUSDT,Sell,79.9232,4
420,1787639212026,MAUSDT,Buy,77.6191,4
421,1787639808221,AGIUSDT,Buy,39.9625,1
422,1787639808407,AGIUSDT,Sell,39.9625,2
423,1787640407892,AGIUSDT,Buy,39.99999,1
424,1787640408074,AGIUSDT,Sell,39.99999,2
425,1787640408258,AGIUSDT,Buy,39.99999,3
426,1787640408610,AGIUSDT,Buy,79.99998,4
427,1787641009532,AGIUSDT,Sell,39.9456,0
428,1787641009717,AGIUSDT,Buy,39.9456,1
429,1787641009905,AGIUSDT,Sell,39.9456,2
430,1787641010095,AGIUSDT,Buy,39.9456,3
431,1787641010444,AGIUSDT,Buy,79.952,4
432,1787641011604,APPSTOCKUSDT,Sell,39.1287,1
433,1787641011952,APPSTOCKUSDT,Sell,78.2574,4
434,1787641012808,BNCUSDT,Sell,39.7696,1
435,1787641013478,BNCUSDT,Sell,79.8499,4
436,1787641014331,MAUSDT,Buy,35.8188,1
437,1787641014685,MAUSDT,Buy,77.6074,4
438,1787641608485,AGIUSDT,Sell,39.95901,2
439,1787641608689,AGIUSDT,Buy,39.95901,3
440,1787641612704,COTIUSDT,Buy,39.987792,1
441,1787641612902,COTIUSDT,Sell,39.987792,2
442,1787641613100,COTIUSDT,Buy,39.987792,3
443,1787641613465,COTIUSDT,Buy,79.988088,4
444,1787641614332,CXMTUSDT,Sell,39.4283,0
445,1787641614520,CXMTUSDT,Buy,39.4283,1
446,1787641614718,CXMTUSDT,Sell,39.4283,2
447,1787641614905,CXMTUSDT,Buy,39.4283,3
448,1787641615257,CXMTUSDT,Buy,79.6955,4
449,1787642209288,AGIUSDT,Buy,39.9432,1
450,1787642209473,AGIUSDT,Sell,39.9432,2
451,1787642209669,AGIUSDT,Buy,39.9432,3
452,1787642210046,AGIUSDT,Buy,79.94692,4
453,1787642808337,AGIUSDT,Sell,39.97332,2
454,1787643408587,AGIUSDT,Sell,39.99996,2
455,1787643408770,AGIUSDT,Buy,39.99996,3
456,1787644007997,AGIUSDT,Sell,39.96542,2
457,1787644610857,AGIUSDT,Buy,39.962,1
458,1787644611066,AGIUSDT,Sell,39.962,2
459,1787644611265,AGIUSDT,Buy,39.962,3
460,1787644611622,AGIUSDT,Buy,79.982,4
461,1787645210284,1000BTTUSDT,Buy,39.98605,1
462,1787645210472,1000BTTUSDT,Sell,39.98605,2
463,1787645210975,1000BTTUSDT,Buy,39.98605,3
464,1787645211350,1000BTTUSDT,Buy,79.9721,4
465,1787645212215,AGIUSDT,Sell,39.96945,2
466,1787645214221,ARIAUSDT,Buy,39.98931,0
467,1787645214409,ARIAUSDT,Sell,39.98931,1
468,1787645214598,ARIAUSDT,Buy,39.98931,2
469,1787645214787,ARIAUSDT,Sell,39.98931,3
470,1787645215149,ARIAUSDT,Sell,79.97862,4
471,1787645216030,ARKUSDT,Buy,39.98115,0
472,1787645216234,ARKUSDT,Sell,39.98115,1
473,1787645216419,ARKUSDT,Buy,39.98115,2
474,1787645216604,ARKUSDT,Sell,39.98115,3
475,1787645216961,ARKUSDT,Sell,79.9623,4
476,1787645217822,BBXUSDT,Buy,39.3924,0
477,1787645218013,BBXUSDT,Sell,39.3924,1
478,1787645218202,BBXUSDT,Buy,39.3924,2
479,1787645218386,BBXUSDT,Sell,39.3924,3
480,1787645218752,BBXUSDT,Sell,79.5572,4
481,1787645219611,BOTUSDT,Buy,39.932,0
482,1787645219798,BOTUSDT,Sell,39.932,1
483,1787645219995,BOTUSDT,Buy,39.932,2
484,1787645220178,BOTUSDT,Sell,39.932,3
485,1787645220609,BOTUSDT,Sell,79.864,4
486,1787645221479,FIGHTUSDT,Buy,39.9906,0
487,1787645221674,FIGHTUSDT,Sell,39.9906,1
488,1787645221857,FIGHTUSDT,Buy,39.9906,2
489,1787645222038,FIGHTUSDT,Sell,39.9906,3
490,1787645222393,FIGHTUSDT,Sell,79.9812,4
491,1787645223262,FLYUSDT,Sell,39.916,0
492,1787645223447,FLYUSDT,Buy,39.916,1
493,1787645223642,FLYUSDT,Sell,39.916,2
494,1787645223827,FLYUSDT,Buy,39.916,3
495,1787645224181,FLYUSDT,Buy,79.832,4
496,1787645225049,GEVUSDT,Sell,39.14721,1
497,1787645225466,GEVUSDT,Sell,39.14721,3
498,1787645225817,GEVUSDT,Sell,79.24923,4
499,1787645226670,GRVTUSDT,Buy,39.96135,1
500,1787645226860,GRVTUSDT,Buy,39.96135,3
501,1787645227211,GRVTUSDT,Buy,79.9227,4
502,1787645228075,HPEUSDT,Sell,39.645,0
503,1787645228261,HPEUSDT,Buy,39.645,1
504,1787645228459,HPEUSDT,Sell,39.645,2
505,1787645228646,HPEUSDT,Buy,39.645,3
506,1787645229022,HPEUSDT,Buy,79.8186,4
507,1787645229879,MINIMAXUSDT,Buy,39.9984,0
508,1787645230075,MINIMAXUSDT,Sell,39.9984,1
509,1787645230266,MINIMAXUSDT,Buy,39.9984,2
510,1787645230453,MINIMAXUSDT,Sell,39.9984,3
511,1787645230807,MINIMAXUSDT,Sell,79.9968,4
512,1787645231678,MNSTUSDT,Buy,39.7629,0
513,1787645231862,MNSTUSDT,Sell,39.7629,1
514,1787645232061,MNSTUSDT,Buy,39.7629,2
515,1787645232244,MNSTUSDT,Sell,39.7629,3
516,1787645232611,MNSTUSDT,Sell,79.5258,4
517,1787645233464,MOVEUSDT,Sell,39.99534,1
518,1787645233648,MOVEUSDT,Buy,39.99534,2
519,1787645233834,MOVEUSDT,Sell,39.99534,3
520,1787645234189,MOVEUSDT,Sell,79.99855,4
521,1787645811666,AGIUSDT,Buy,39.97056,1
522,1787645811851,AGIUSDT,Sell,39.97056,2
523,1787645812050,AGIUSDT,Buy,39.97056,3
524,1787645812403,AGIUSDT,Buy,79.94112,4
525,1787645819198,IOSTUSDT,Buy,39.9996948,0
526,1787645819385,IOSTUSDT,Sell,39.9996948,1
527,1787645819568,IOSTUSDT,Buy,39.9996948,2
528,1787645819752,IOSTUSDT,Sell,39.9996948,3
529,1787645820102,IOSTUSDT,Sell,79.9999772,4
530,1787646422856,AGIUSDT,Sell,39.99039,2
531,1787646425869,ALABUSDT,Buy,39.8454,0
532,1787646426053,ALABUSDT,Sell,39.8454,1
533,1787646426240,ALABUSDT,Buy,39.8454,2
534,1787646426442,ALABUSDT,Sell,39.8454,3
535,1787646427451,ALABUSDT,Sell,79.6908,4
536,1787646433203,BANUSDT,Buy,39.98652,0
537,1787646433401,BANUSDT,Sell,39.98652,1
538,1787646433585,BANUSDT,Buy,39.98652,2
539,1787646433782,BANUSDT,Sell,39.98652,3
540,1787646434305,BANUSDT,Sell,79.97304,4
541,1787646438999,BNCUSDT,Buy,39.9415,3
542,1787646442485,CRDOUSDT,Buy,38.5492,0
543,1787646442682,CRDOUSDT,Sell,38.5492,1
544,1787646442866,CRDOUSDT,Buy,38.5492,2
545,1787646443053,CRDOUSDT,Sell,38.5492,3
546,1787646443842,CRDOUSDT,Sell,79.366,4
547,1787646448905,FLYUSDT,Buy,39.9685,1
548,1787646449088,FLYUSDT,Sell,39.9685,2
549,1787646449278,FLYUSDT,Buy,39.9685,3
550,1787646449810,FLYUSDT,Buy,79.937,4
551,1787647010093,AGIUSDT,Sell,39.96512,2
552,1787647010278,AGIUSDT,Buy,39.96512,3
553,1787647016962,KSTRUSDT,Buy,39.7746,0
554,1787647017148,KSTRUSDT,Sell,39.7746,1
555,1787647017334,KSTRUSDT,Buy,39.7746,2
556,1787647017519,KSTRUSDT,Sell,39.7746,3
557,1787647017874,KSTRUSDT,Sell,79.7818,4
558,1787647611156,AGIUSDT,Sell,39.9465,2
559,1787647615343,DKNGUSDT,Sell,39.963,0
560,1787647615533,DKNGUSDT,Buy,39.963,1
561,1787647615729,DKNGUSDT,Sell,39.963,2
562,1787647615915,DKNGUSDT,Buy,39.963,3
563,1787647616263,DKNGUSDT,Buy,79.926,4
564,1787647617937,FWDIUSDT,Sell,39.6,1
565,1787647618129,FWDIUSDT,Buy,39.6,2
566,1787647618318,FWDIUSDT,Sell,39.6,3
567,1787647618685,FWDIUSDT,Sell,79.8,4
568,1787648209479,AGIUSDT,Buy,39.99892,1
569,1787648209665,AGIUSDT,Sell,39.99892,2
570,1787648212665,CXMTUSDT,Buy,39.8592,3
571,1787648810206,AGIUSDT,Sell,39.96,2
572,1787648812067,BBXUSDT,Sell,39.831,3
573,1787648813925,FLYUSDT,Sell,39.8328,2
574,1787648816097,NESAUSDT,Buy,39.9256,0
575,1787648816280,NESAUSDT,Sell,39.9256,1
576,1787648816480,NESAUSDT,Buy,39.9256,2
577,1787648816665,NESAUSDT,Sell,39.9256,3
578,1787648817038,NESAUSDT,Sell,79.9908,4
579,1787649408608,AGIUSDT,Buy,39.98442,1
580,1787649408792,AGIUSDT,Sell,39.98442,2
581,1787649415721,NESAUSDT,Sell,39.9313,3
582,1787650010357,AGIUSDT,Sell,39.98982,0
583,1787650010549,AGIUSDT,Buy,39.98982,1
584,1787650010744,AGIUSDT,Sell,39.98982,2
585,1787650010937,AGIUSDT,Buy,39.98982,3
586,1787650011294,AGIUSDT,Buy,79.97964,4
587,1787650017276,NESAUSDT,Sell,39.8603,3
588,1787650611681,AGIUSDT,Sell,39.95992,0
589,1787650611866,AGIUSDT,Buy,39.95992,1
590,1787650612051,AGIUSDT,Sell,39.95992,2
591,1787650612234,AGIUSDT,Buy,39.95992,3
592,1787651211921,AGIUSDT,Sell,39.9415,2
593,1787651212119,AGIUSDT,Buy,39.9415,3
594,1787651213138,BBXUSDT,Sell,39.46,3
595,1787651216665,NESAUSDT,Sell,39.9492,1
596,1787651216847,NESAUSDT,Buy,39.9492,2
597,1787651217030,NESAUSDT,Sell,39.9492,3
598,1787651217381,NESAUSDT,Sell,79.8984,4
599,1787651809495,AGIUSDT,Sell,39.94272,2
600,1787651809848,AGIUSDT,Buy,79.94976,4
601,1787651811634,CRDOUSDT,Sell,38.9742,3
602,1787651814349,NESAUSDT,Buy,39.9218,2
603,1787652409417,AGIUSDT,Buy,39.95775,1
604,1787652409609,AGIUSDT,Sell,39.95775,2
605,1787652409798,AGIUSDT,Buy,39.95775,3
606,1787652410152,AGIUSDT,Buy,79.97745,4
607,1787653008939,AGIUSDT,Sell,39.9415,2
608,1787653011613,NESAUSDT,Buy,39.9766,2
609,1787653609326,AGIUSDT,Buy,39.95468,1
610,1787653609513,AGIUSDT,Sell,39.95468,2
611,1787653610541,FWDIUSDT,Sell,39.6573,2
612,1787653610725,FWDIUSDT,Buy,39.6573,3
613,1787653612586,NESAUSDT,Buy,39.9492,2
614,1787653612779,NESAUSDT,Sell,39.9492,3
615,1787654208805,AGIUSDT,Buy,39.9424,1
616,1787654208990,AGIUSDT,Sell,39.9424,2
617,1787654209176,AGIUSDT,Buy,39.9424,3
618,1787654209535,AGIUSDT,Buy,79.948,4
619,1787654212106,NESAUSDT,Sell,39.864,3
620,1787654809132,AGIUSDT,Buy,39.99107,3
621,1787654811894,NESAUSDT,Buy,39.91,0
622,1787654812088,NESAUSDT,Sell,39.91,1
623,1787654812330,NESAUSDT,Buy,39.91,2
624,1787654812523,NESAUSDT,Sell,39.91,3
625,1787654812888,NESAUSDT,Sell,79.9735,4
626,1787655409075,AGIUSDT,Buy,39.97818,1
627,1787655409264,AGIUSDT,Sell,39.97818,2
628,1787655409456,AGIUSDT,Buy,39.97818,3
629,1787655409812,AGIUSDT,Buy,79.95636,4
630,1787655412356,NESAUSDT,Buy,39.987,0
631,1787655412554,NESAUSDT,Sell,39.987,1
632,1787655412752,NESAUSDT,Buy,39.987,2
633,1787655413120,NESAUSDT,Sell,79.974,4
634,1787656008607,AGIUSDT,Sell,39.999,2
635,1787656609333,AGIUSDT,Buy,39.98282,3
636,1787657378585,AGIUSDT,Sell,39.94663,0
637,1787657380914,NESAUSDT,Buy,39.8641,2
638,1787657977788,AGIUSDT,Buy,39.9916,1
639,1787657978402,AGIUSDT,Sell,39.9916,2
640,1787657980261,NESAUSDT,Buy,39.9852,2
641,1787657981042,NESAUSDT,Sell,79.9704,4
642,1787658568459,AGIUSDT,Sell,39.94624,2
643,1787658570905,NESAUSDT,Sell,39.91,1
644,1787659009533,NESAUSDT,Buy,39.9288,2
645,1787659612045,ACXUSDT,Buy,39.96611,1
646,1787659612238,ACXUSDT,Sell,39.96611,2
647,1787659612426,ACXUSDT,Buy,39.96611,3
648,1787659612788,ACXUSDT,Buy,79.97355,4
649,1787659615316,MOVEUSDT,Buy,39.99892,3
650,1787660210611,NESAUSDT,Buy,39.9266,2
651,1787660812189,NESAUSDT,Sell,39.9734,1
652,1787661410250,NESAUSDT,Buy,39.9734,2
653,1787661410607,NESAUSDT,Sell,79.9468,4
654,1787662007376,GRVTUSDT,Buy,39.8076,3
655,1787662008394,NESAUSDT,Buy,39.8658,2
656,1787663209384,AGIUSDT,Sell,39.93946,0
657,1787663209573,AGIUSDT,Buy,39.93946,1
658,1787663209771,AGIUSDT,Sell,39.93946,2
659,1787663210039,AGIUSDT,Buy,39.93946,3
660,1787663210407,AGIUSDT,Buy,79.94046,4
661,1787663811185,AGIUSDT,Buy,39.9848,3
662,1787664408868,FWDIUSDT,Buy,39.6304,1
663,1787664409055,FWDIUSDT,Buy,39.6304,3
664,1787664409406,FWDIUSDT,Buy,79.8436,4
665,1787666207878,AGIUSDT,Buy,39.99522,1
666,1787666208389,AGIUSDT,Sell,39.99522,2
667,1787666208585,AGIUSDT,Buy,39.99522,3
668,1787666208943,AGIUSDT,Buy,79.99044,4
669,1787666807144,AGIUSDT,Sell,39.98842,2
670,1787667408054,AGIUSDT,Buy,39.94152,1
671,1787667408255,AGIUSDT,Sell,39.94152,2
672,1787667408605,AGIUSDT,Buy,79.9443,4
673,1787669208823,1000BTTUSDT,Buy,39.99537,3
674,1787669209844,AGIUSDT,Sell,39.96545,0
675,1787669210028,AGIUSDT,Buy,39.96545,1
676,1787669210216,AGIUSDT,Sell,39.96545,2
677,1787669210400,AGIUSDT,Buy,39.96545,3
678,1787669210755,AGIUSDT,Buy,79.99505,4
679,1787669808119,AGIUSDT,Sell,39.98647,2
680,1787670411330,AGIUSDT,Sell,39.94744,0
681,1787670411515,AGIUSDT,Buy,39.94744,1
682,1787670411702,AGIUSDT,Sell,39.94744,2
683,1787670411891,AGIUSDT,Buy,39.94744,3
684,1787670412560,AGIUSDT,Buy,79.96521,4
685,1787671008654,AGIUSDT,Sell,39.99744,2
686,1787671008847,AGIUSDT,Buy,39.99744,3
687,1787671609029,1000BTTUSDT,Buy,39.97257,3
688,1787671610060,AGIUSDT,Buy,39.9504,1
689,1787671610249,AGIUSDT,Sell,39.9504,2
690,1787671610435,AGIUSDT,Buy,39.9504,3
691,1787671610789,AGIUSDT,Buy,79.9704,4
692,1787672209570,AGIUSDT,Sell,39.95714,2
693,1787672209757,AGIUSDT,Buy,39.95714,3
694,1787672820312,AGIUSDT,Buy,39.93133,1
695,1787672820498,AGIUSDT,Sell,39.93133,2
696,1787672820875,AGIUSDT,Buy,79.93435,4
697,1787673413370,AGIUSDT,Sell,39.9376,0
698,1787673413560,AGIUSDT,Buy,39.9376,1
699,1787673413768,AGIUSDT,Sell,39.9376,2
700,1787673413959,AGIUSDT,Buy,39.9376,3
701,1787673414345,AGIUSDT,Buy,79.94848,4
702,1787674013736,AGIUSDT,Buy,39.98136,3
703,1787674014822,APPSTOCKUSDT,Sell,39.8359,3
704,1787674015903,ARIAUSDT,Sell,39.98144,1
705,1787674016089,ARIAUSDT,Buy,39.98144,2
706,1787674016290,ARIAUSDT,Sell,39.98144,3
707,1787674016653,ARIAUSDT,Sell,79.99152,4
708,1787674017551,BNCUSDT,Sell,39.8145,0
709,1787674017753,BNCUSDT,Sell,39.8145,2
710,1787674017952,BNCUSDT,Buy,39.8145,3
711,1787674019032,DOSUSDT,Buy,39.92,0
712,1787674019232,DOSUSDT,Sell,39.92,1
713,1787674019416,DOSUSDT,Buy,39.92,2
714,1787674019616,DOSUSDT,Sell,39.92,3
715,1787674019992,DOSUSDT,Sell,79.84,4
716,1787674020898,JSTUSDT,Buy,39.884,1
717,1787674021097,JSTUSDT,Sell,39.884,2
718,1787674021305,JSTUSDT,Buy,39.884,3
719,1787674021682,JSTUSDT,Buy,79.768,4
720,1787674613585,AGIUSDT,Buy,39.99501,1
721,1787674613802,AGIUSDT,Sell,39.99501,2
722,1787674613995,AGIUSDT,Buy,39.99501,3
723,1787674614383,AGIUSDT,Buy,79.99002,4
724,1787675210842,AGIUSDT,Buy,39.99856,1
725,1787675211028,AGIUSDT,Sell,39.99856,2
726,1787675211217,AGIUSDT,Buy,39.99856,3
727,1787675211587,AGIUSDT,Buy,79.99712,4
728,1787675810884,AGIUSDT,Buy,39.95394,1
729,1787675811072,AGIUSDT,Sell,39.95394,2
730,1787675811437,AGIUSDT,Buy,79.97847,4
731,1787676418912,1000RATSUSDT,Buy,39.951,0
732,1787676419104,1000RATSUSDT,Sell,39.951,1
733,1787676419312,1000RATSUSDT,Buy,39.951,2
734,1787676419502,1000RATSUSDT,Sell,39.951,3
735,1787676420045,1000RATSUSDT,Sell,79.902,4
736,1787676422507,AGIUSDT,Buy,39.9933,1
737,1787676422695,AGIUSDT,Sell,39.9933,2
738,1787676428524,BICOUSDT,Sell,39.9999375,0
739,1787676428710,BICOUSDT,Buy,39.9999375,1
740,1787676428894,BICOUSDT,Sell,39.9999375,2
741,1787676429094,BICOUSDT,Buy,39.9999375,3
742,1787676429627,BICOUSDT,Buy,79.999875,4
743,1787676437344,MAUSDT,Buy,35.6544,3
744,1787677011036,AGIUSDT,Buy,39.96066,1
745,1787677011436,AGIUSDT,Sell,39.96066,2
746,1787677011812,AGIUSDT,Buy,39.96066,3
747,1787677012338,AGIUSDT,Buy,79.99686,4
748,1787677014226,BICOUSDT,Buy,39.9982732,3
749,1787677611041,AGIUSDT,Sell,39.95344,0
750,1787677611261,AGIUSDT,Sell,39.95344,2
751,1787677611467,AGIUSDT,Buy,39.95344,3
752,1787678208615,AGIUSDT,Sell,39.95835,2
753,1787678810193,AGIUSDT,Buy,39.97575,1
754,1787678810379,AGIUSDT,Sell,39.97575,2
755,1787678810878,AGIUSDT,Buy,39.97575,3
756,1787678811231,AGIUSDT,Buy,79.9515,4
757,1787679409541,AGIUSDT,Sell,39.987,2
758,1787680010286,AGIUSDT,Buy,39.95187,1
759,1787680010490,AGIUSDT,Sell,39.95187,2
760,1787680010869,AGIUSDT,Buy,79.97955,4
761,1787680609710,AGIUSDT,Sell,39.94592,0
762,1787680609900,AGIUSDT,Sell,39.94592,2
763,1787680610109,AGIUSDT,Buy,39.94592,3
764,1787681209007,AGIUSDT,Sell,39.95082,2
765,1787681810728,AGIUSDT,Buy,39.95835,1
766,1787681810913,AGIUSDT,Buy,39.95835,3
767,1787681811262,AGIUSDT,Buy,79.98975,4
768,1787681813843,ESPORTSUSDT,Buy,39.99195,0
769,1787681814040,ESPORTSUSDT,Sell,39.99195,1
770,1787682414396,ACXUSDT,Sell,39.99549,2
771,1787682414582,ACXUSDT,Buy,39.99549,3
772,1787682415607,AGIUSDT,Sell,39.94828,2
773,1787682415794,AGIUSDT,Buy,39.94828,3
774,1787683015125,ACXUSDT,Buy,39.98808,3
775,1787683016149,AGIUSDT,Sell,39.98208,2
776,1787683615661,AGIUSDT,Sell,39.94304,2
777,1787683615848,AGIUSDT,Buy,39.94304,3
778,1787684210243,AGIUSDT,Buy,39.97968,3
779,1787684211281,AMCUSDT,Buy,39.9022,0
780,1787684211467,AMCUSDT,Sell,39.9022,1
781,1787684211721,AMCUSDT,Buy,39.9022,2
782,1787684211908,AMCUSDT,Sell,39.9022,3
783,1787684212271,AMCUSDT,Sell,79.8044,4
784,1787685409553,ACXUSDT,Sell,39.97607,2
785,1787685410577,AGIUSDT,Sell,39.98772,2
786,1787685411664,AMCUSDT,Buy,39.9244,2
787,1787686010994,AGIUSDT,Sell,39.93242,2
788,1787686013019,GEVUSDT,Sell,39.98011,1
789,1787686013206,GEVUSDT,Buy,39.98011,2
790,1787686013393,GEVUSDT,Sell,39.98011,3
791,1787686013767,GEVUSDT,Sell,79.96022,4
792,1787686014693,HOMEUSDT,Sell,39.95376,0
793,1787686014884,HOMEUSDT,Buy,39.95376,1
794,1787686015073,HOMEUSDT,Sell,39.95376,2
795,1787686015261,HOMEUSDT,Buy,39.95376,3
796,1787686015636,HOMEUSDT,Buy,79.96956,4
797,1787686016547,JSTUSDT,Buy,39.38,3
798,1787686610745,AGIUSDT,Buy,39.9588,1
799,1787686610941,AGIUSDT,Buy,39.9588,3
800,1787686611290,AGIUSDT,Buy,79.98795,4
801,1787687211250,AGIUSDT,Buy,39.97,3
802,1787687212269,APPSTOCKUSDT,Sell,37.1556,3
803,1787687810418,AGIUSDT,Buy,39.97084,1
804,1787687810606,AGIUSDT,Sell,39.97084,2
805,1787687810968,AGIUSDT,Buy,79.94168,4
806,1787688410117,1000000MOGUSDT,Sell,39.9852,0
807,1787688410309,1000000MOGUSDT,Buy,39.9852,1
808,1787688410499,1000000MOGUSDT,Sell,39.9852,2
809,1787688410691,1000000MOGUSDT,Buy,39.9852,3
810,1787688411049,1000000MOGUSDT,Buy,79.9704,4
811,1787688413598,APPSTOCKUSDT,Sell,37.3692,1
812,1787688413789,APPSTOCKUSDT,Buy,37.3692,2
813,1787688414260,APPSTOCKUSDT,Sell,77.8525,4
814,1787688415119,BANANAUSDT,Buy,39.99512,1
815,1787688415307,BANANAUSDT,Sell,39.99512,2
816,1787688415497,BANANAUSDT,Buy,39.99512,3
817,1787688415866,BANANAUSDT,Buy,79.99024,4
818,1787689014780,HANAUSDT,Buy,39.9703,0
819,1787689014976,HANAUSDT,Sell,39.9703,1
820,1787689015169,HANAUSDT,Buy,39.9703,2
821,1787689015358,HANAUSDT,Sell,39.9703,3
822,1787689015734,HANAUSDT,Sell,79.9406,4
823,1787690812173,BANANAUSDT,Buy,39.97125,3
824,1787690814166,HOMEUSDT,Buy,39.97188,3
825,1787692013084,1000RATSUSDT,Sell,39.7474,3
826,1787692014116,AGIUSDT,Sell,39.94123,0
827,1787692014307,AGIUSDT,Buy,39.94123,1
828,1787692014501,AGIUSDT,Sell,39.94123,2
829,1787692014695,AGIUSDT,Buy,39.94123,3
830,1787692015066,AGIUSDT,Buy,79.96093,4
831,1787692022021,NESAUSDT,Buy,39.9164,0
832,1787692022211,NESAUSDT,Sell,39.9164,1
833,1787692022399,NESAUSDT,Buy,39.9164,2
834,1787692022592,NESAUSDT,Sell,39.9164,3
835,1787692023061,NESAUSDT,Sell,79.9695,4
836,1787692615264,1000RATSUSDT,Sell,39.8398,1
837,1787692615450,1000RATSUSDT,Buy,39.8398,2
838,1787692615641,1000RATSUSDT,Sell,39.8398,3
839,1787692616003,1000RATSUSDT,Sell,79.6796,4
840,1787692616861,AGIUSDT,Buy,39.93192,3
841,1787692619626,HOMEUSDT,Buy,39.9812,1
842,1787692619808,HOMEUSDT,Sell,39.9812,2
843,1787692619997,HOMEUSDT,Buy,39.9812,3
844,1787692620356,HOMEUSDT,Buy,79.9624,4
845,1787692623527,NESAUSDT,Buy,39.8773,2
846,1787692623715,NESAUSDT,Sell,39.8773,3
847,1787693210853,AGIUSDT,Buy,39.9568,1
848,1787693211049,AGIUSDT,Buy,39.9568,3
849,1787693813831,AGIUSDT,Buy,39.97042,1
850,1787693814017,AGIUSDT,Sell,39.97042,2
851,1787694410546,ACXUSDT,Buy,39.9672,3
852,1787694411560,AGIUSDT,Sell,39.9441,0
853,1787694411745,AGIUSDT,Buy,39.9441,1
854,1787694411931,AGIUSDT,Sell,39.9441,2
855,1787694412127,AGIUSDT,Buy,39.9441,3
856,1787694412493,AGIUSDT,Buy,79.9709,4
857,1787695012235,AGIUSDT,Buy,39.98184,1
858,1787695012422,AGIUSDT,Sell,39.98184,2
859,1787695012732,AGIUSDT,Buy,39.98184,3
860,1787695015409,HOMEUSDT,Sell,39.99093,2
861,1787695608346,AGIUSDT,Buy,39.97992,1
862,1787695608532,AGIUSDT,Sell,39.97992,2
863,1787695608725,AGIUSDT,Buy,39.97992,3
864,1787696210050,AGIUSDT,Sell,39.94646,2
865,1787696211094,APPSTOCKUSDT,Sell,37.5516,3
866,1787696212950,HOMEUSDT,Sell,39.94485,2
867,1787696810279,AGIUSDT,Sell,39.9711,2
868,1787697411270,AGIUSDT,Sell,39.98757,2
869,1787697411462,AGIUSDT,Buy,39.98757,3
870,1787698010697,AGIUSDT,Sell,39.94653,2
871,1787698611969,AGIUSDT,Buy,39.94404,1
872,1787698612175,AGIUSDT,Sell,39.94404,2
873,1787698612368,AGIUSDT,Buy,39.94404,3
874,1787698612733,AGIUSDT,Buy,79.96671,4
875,1787699211134,AGIUSDT,Sell,39.95418,2
876,1787699810824,AGIUSDT,Buy,39.96768,1
877,1787699811009,AGIUSDT,Sell,39.96768,2
878,1787699811384,AGIUSDT,Buy,79.93536,4
879,1787700411102,AGIUSDT,Buy,39.928,1
880,1787700411289,AGIUSDT,Sell,39.928,2
881,1787700411491,AGIUSDT,Buy,39.928,3
882,1787701009290,AGIUSDT,Sell,39.9448,2
883,1787701610781,AGIUSDT,Buy,39.9249,1
884,1787701610965,AGIUSDT,Sell,39.9249,2
885,1787701611326,AGIUSDT,Buy,79.93195,4
886,1787702210958,AGIUSDT,Buy,39.99984,3
887,1787702808863,1000RATSUSDT,Sell,39.783,1
888,1787702809055,1000RATSUSDT,Buy,39.783,2
889,1787702809250,1000RATSUSDT,Sell,39.783,3
890,1787702809609,1000RATSUSDT,Sell,79.566,4
891,1787702811298,AGIUSDT,Buy,39.9891,1
892,1787702811490,AGIUSDT,Sell,39.9891,2
893,1787702811694,AGIUSDT,Buy,39.9891,3
894,1787702812058,AGIUSDT,Buy,79.9782,4
895,1787702812922,APLDUSDT,Sell,39.7679,0
896,1787702813115,APLDUSDT,Buy,39.7679,1
897,1787702813310,APLDUSDT,Sell,39.7679,2
898,1787702813511,APLDUSDT,Buy,39.7679,3
899,1787702813877,APLDUSDT,Buy,79.8219,4
900,1787702814823,BXUSDT,Buy,38.6775,1
901,1787702815016,BXUSDT,Sell,38.6775,2
902,1787702815230,BXUSDT,Buy,38.6775,3
903,1787702815586,BXUSDT,Buy,78.7875,4
904,1787702816440,FOLKSUSDT,Buy,39.993162,0
905,1787702816628,FOLKSUSDT,Sell,39.993162,1
906,1787702816819,FOLKSUSDT,Buy,39.993162,2
907,1787702817016,FOLKSUSDT,Sell,39.993162,3
908,1787702817374,FOLKSUSDT,Sell,79.986324,4
909,1787702819061,HOMEUSDT,Buy,39.9924,1
910,1787702819249,HOMEUSDT,Sell,39.9924,2
911,1787702819604,HOMEUSDT,Buy,79.9848,4
912,1787702820456,KORUUSDT,Sell,39.9168,0
913,1787702820672,KORUUSDT,Buy,39.9168,1
914,1787702820862,KORUUSDT,Sell,39.9168,2
915,1787702821056,KORUUSDT,Buy,39.9168,3
916,1787702821413,KORUUSDT,Buy,79.8336,4
917,1787703411147,1000BTTUSDT,Buy,39.98475,3
918,1787703413038,AGIUSDT,Sell,39.98895,2
919,1787703414080,B3USDT,Buy,39.95947,1
920,1787703414268,B3USDT,Sell,39.95947,2
921,1787703414456,B3USDT,Buy,39.95947,3
922,1787703415053,B3USDT,Buy,79.96785,4
923,1787704009736,1000000MOGUSDT,Sell,39.9789,3
924,1787704012464,AGIUSDT,Sell,39.99722,2
925,1787704016979,HOMEUSDT,Sell,39.99927,0
926,1787704017167,HOMEUSDT,Buy,39.99927,1
927,1787704017352,HOMEUSDT,Sell,39.99927,2
928,1787704019500,KSTRUSDT,Buy,39.814,3
929,1787704021347,MONUSDT,Sell,39.98775,0
930,1787704021574,MONUSDT,Buy,39.98775,1
931,1787704021761,MONUSDT,Sell,39.98775,2
932,1787704021945,MONUSDT,Buy,39.98775,3
933,1787704022298,MONUSDT,Buy,79.9755,4
934,1787704611100,AGIUSDT,Buy,39.9891,1
935,1787704611285,AGIUSDT,Sell,39.9891,2
936,1787705210278,AGIUSDT,Sell,39.96382,0
937,1787705210470,AGIUSDT,Buy,39.96382,1
938,1787705210663,AGIUSDT,Sell,39.96382,2
939,1787705210853,AGIUSDT,Buy,39.96382,3
940,1787705211207,AGIUSDT,Buy,79.92764,4
941,1787705810600,AGIUSDT,Sell,39.99576,0
942,1787705810797,AGIUSDT,Buy,39.99576,1
943,1787705810984,AGIUSDT,Sell,39.99576,2
944,1787705811343,AGIUSDT,Buy,79.99152,4
945,1787705812207,BLENDUSDT,Sell,39.966,0
946,1787705812402,BLENDUSDT,Buy,39.966,1
947,1787705812596,BLENDUSDT,Sell,39.966,2
948,1787705812789,BLENDUSDT,Buy,39.966,3
949,1787705813145,BLENDUSDT,Buy,79.99861,4
950,1787705816277,HOMEUSDT,Sell,39.95408,2
951,1787705816459,HOMEUSDT,Buy,39.95408,3
952,1787706409089,AGIUSDT,Sell,39.96927,0
953,1787706409279,AGIUSDT,Buy,39.96927,1
954,1787706409465,AGIUSDT,Sell,39.96927,2
955,1787706409658,AGIUSDT,Buy,39.96927,3
956,1787706410014,AGIUSDT,Buy,79.93854,4
957,1787706410864,BLENDUSDT,Sell,39.98706,2
958,1787707009249,AGIUSDT,Sell,39.97961,2
959,1787707609794,AGIUSDT,Sell,39.9642,2
960,1787708208819,AGIUSDT,Sell,39.97452,2
961,1787708209005,AGIUSDT,Buy,39.97452,3
962,1787708809837,AGIUSDT,Sell,39.97177,0
963,1787708810026,AGIUSDT,Buy,39.97177,1
964,1787708810210,AGIUSDT,Sell,39.97177,2
965,1787708811228,BLENDUSDT,Sell,39.99054,2
966,1787708814530,INTUUSDT,Buy,38.8608,0
967,1787708814713,INTUUSDT,Sell,38.8608,1
968,1787708814895,INTUUSDT,Buy,38.8608,2
969,1787708815078,INTUUSDT,Sell,38.8608,3
970,1787708815446,INTUUSDT,Sell,77.7216,4
971,1787709409177,AGIUSDT,Buy,39.96766,3
972,1787709412866,HOMEUSDT,Sell,39.95,2
973,1787710009179,AGIUSDT,Buy,39.996,1
974,1787710009446,AGIUSDT,Sell,39.996,2
975,1787710009832,AGIUSDT,Buy,39.996,3
976,1787710608263,AGIUSDT,Sell,39.9932,2
977,1787710609276,BLENDUSDT,Buy,39.96867,3
978,1787710611962,HOMEUSDT,Sell,39.93931,2
979,1787710612149,HOMEUSDT,Buy,39.93931,3
980,1787711208890,AGIUSDT,Buy,39.97452,1
981,1787711209073,AGIUSDT,Sell,39.97452,2
982,1787711808522,AGIUSDT,Sell,39.93264,2
983,1787712407683,AGIUSDT,Buy,39.98743,1
984,1787712407873,AGIUSDT,Sell,39.98743,2
985,1787712408060,AGIUSDT,Buy,39.98743,3
986,1787712408414,AGIUSDT,Buy,79.97486,4
987,1787712410114,FWDIUSDT,Buy,39.897,0
988,1787712410303,FWDIUSDT,Sell,39.897,1
989,1787712410488,FWDIUSDT,Buy,39.897,2
990,1787712410676,FWDIUSDT,Sell,39.897,3
991,1787712411028,FWDIUSDT,Sell,79.794,4
992,1787713008045,AGIUSDT,Sell,39.94741,2
993,1787713015234,MOVEUSDT,Sell,39.99471,0
994,1787713015422,MOVEUSDT,Buy,39.99471,1
995,1787713015612,MOVEUSDT,Sell,39.99471,2
996,1787713015801,MOVEUSDT,Buy,39.99471,3
997,1787713016156,MOVEUSDT,Buy,79.99809,4
998,1787713607935,1000BTTUSDT,Buy,39.99842,3
999,1787713608979,AGIUSDT,Sell,39.95361,2
1000,1787713610005,BNCUSDT,Sell,39.732,3
1001,1787713615449,HOMEUSDT,Sell,39.94316,2
1002,1787713617333,MOVEUSDT,Sell,39.99632,2
1003,1787714210003,AGIUSDT,Sell,39.9388,0
1004,1787714210189,AGIUSDT,Buy,39.9388,1
1005,1787714210376,AGIUSDT,Sell,39.9388,2
1006,1787714210565,AGIUSDT,Buy,39.9388,3
1007,1787714210920,AGIUSDT,Buy,79.94646,4
1008,1787714218033,MOVEUSDT,Sell,39.9929,0
1009,1787714218227,MOVEUSDT,Buy,39.9929,1
1010,1787714218420,MOVEUSDT,Sell,39.9929,2
1011,1787714810135,AGIUSDT,Sell,39.9616,0
1012,1787714810318,AGIUSDT,Buy,39.9616,1
1013,1787714810502,AGIUSDT,Sell,39.9616,2
1014,1787714810855,AGIUSDT,Buy,79.99456,4
1015,1787715409746,AGIUSDT,Sell,39.96216,2
1016,1787715409939,AGIUSDT,Buy,39.96216,3
1017,1787715416088,MOVEUSDT,Buy,39.99424,1
1018,1787715416278,MOVEUSDT,Sell,39.99424,2
1019,1787715416460,MOVEUSDT,Buy,39.99424,3
1020,1787716009315,AGIUSDT,Sell,39.99744,2
1021,1787716015355,MOVEUSDT,Sell,39.99192,2
1022,1787716015711,MOVEUSDT,Buy,79.99227,4
1023,1787716609758,AGIUSDT,Buy,39.98208,1
1024,1787716609943,AGIUSDT,Sell,39.98208,2
1025,1787716610126,AGIUSDT,Buy,39.98208,3
1026,1787716610475,AGIUSDT,Buy,79.96416,4
1027,1787717208494,1000BTTUSDT,Buy,39.99714,3
1028,1787717209518,AGIUSDT,Buy,39.9359,1
1029,1787717209705,AGIUSDT,Sell,39.9359,2
1030,1787717209892,AGIUSDT,Buy,39.9359,3
1031,1787717210247,AGIUSDT,Buy,79.93995,4
1032,1787717211109,B3USDT,Buy,39.964,3
1033,1787717212131,BNCUSDT,Sell,39.9616,3
1034,1787717213999,FIGHTUSDT,Sell,39.98085,1
1035,1787717214189,FIGHTUSDT,Buy,39.98085,2
1036,1787717214379,FIGHTUSDT,Sell,39.98085,3
1037,1787717214736,FIGHTUSDT,Sell,79.99705,4
1038,1787717215599,FLUIDUSDT,Sell,39.97147,0
1039,1787717215816,FLUIDUSDT,Buy,39.97147,1
1040,1787717216010,FLUIDUSDT,Sell,39.97147,2
1041,1787717216200,FLUIDUSDT,Buy,39.97147,3
1042,1787717216562,FLUIDUSDT,Buy,79.94294,4
1043,1787717220970,NESAUSDT,Sell,39.9217,1
1044,1787717221156,NESAUSDT,Buy,39.9217,2
1045,1787717221345,NESAUSDT,Sell,39.9217,3
1046,1787717221705,NESAUSDT,Sell,79.9825,4
1047,1787717809800,AGIUSDT,Sell,39.98706,2
1048,1787717811654,CSOPSAMSUNG2LUSDT,Sell,39.975,0
1049,1787717811840,CSOPSAMSUNG2LUSDT,Buy,39.975,1
1050,1787717812026,CSOPSAMSUNG2LUSDT,Sell,39.975,2
1051,1787717812210,CSOPSAMSUNG2LUSDT,Buy,39.975,3
1052,1787717812561,CSOPSAMSUNG2LUSDT,Buy,79.95,4
1053,1787717814243,DJTUSDT,Sell,39.2322,0
1054,1787717814426,DJTUSDT,Buy,39.2322,1
1055,1787717814608,DJTUSDT,Sell,39.2322,2
1056,1787717814793,DJTUSDT,Buy,39.2322,3
1057,1787717815219,DJTUSDT,Buy,79.3985,4
1058,1787717816078,FLUIDUSDT,Buy,39.9075,1
1059,1787717816268,FLUIDUSDT,Sell,39.9075,2
1060,1787717816456,FLUIDUSDT,Buy,39.9075,3
1061,1787717816811,FLUIDUSDT,Buy,79.9715,4
1062,1787718410798,AGIUSDT,Sell,39.96365,2
1063,1787718415497,FLUIDUSDT,Sell,39.85006,2
1064,1787718415687,FLUIDUSDT,Buy,39.85006,3
1065,1787718419829,MUSDT,Buy,39.7426,0
1066,1787718420025,MUSDT,Sell,39.7426,1
1067,1787718420217,MUSDT,Buy,39.7426,2
1068,1787718420407,MUSDT,Sell,39.7426,3
1069,1787718420766,MUSDT,Sell,79.4852,4
